"key0","name3",270,345.34,"human",true,23.23,23.2,25.2,"11 Apr 2019 01:23:27 GMT"
"key1","name3",270,345.34,"human",true,23.23,23.2,25.2,"11 Apr 2019 01:23:27 GMT"
"key2","name3",270,345.34,"human",true,23.23,23.2,25.2,"11 Apr 2019 01:23:27 GMT"
"key3","name3",270,345.34,"human",true,23.23,23.2,25.2,"11 Apr 2019 01:23:27 GMT"
"key4","name3",270,345.34,"human",true,23.23,23.2,25.2,"11 Apr 2019 01:23:27 GMT"
"key5","name3",270,345.34,"human",true,23.23,23.2,25.2,"11 Apr 2019 01:23:27 GMT"
"key6","name3",270,345.34,"human",true,23.23,23.2,25.2,"11 Apr 2019 01:23:27 GMT"
"key7","name3",270,345.34,"human",true,23.23,23.2,25.2,"11 Apr 2019 01:23:27 GMT"
"key8","name3",270,345.34,"human",true,23.23,23.2,25.2,"11 Apr 2019 01:23:27 GMT"
"key9","name3",270,345.34,"human",true,23.23,23.2,25.2,"11 Apr 2019 01:23:27 GMT"
"key10","name3",270,345.34,"human",true,23.23,23.2,25.2,"11 Apr 2019 01:23:27 GMT"
"key11","name3",270,345.34,"human",true,23.23,23.2,25.2,"11 Apr 2019 01:23:27 GMT"
"key12","name3",270,345.34,"human",true,23.23,23.2,25.2,"11 Apr 2019 01:23:27 GMT"
"key13","name3",270,345.34,"human",true,23.23,23.2,25.2,"11 Apr 2019 01:23:27 GMT"
"key14","name3",270,345.34,"human",true,23.23,23.2,25.2,"11 Apr 2019 01:23:27 GMT"
"key15","name3",270,345.34,"human",true,23.23,23.2,25.2,"11 Apr 2019 01:23:27 GMT"
"key16","name3",270,345.34,"human",true,23.23,23.2,25.2,"11 Apr 2019 01:23:27 GMT"
"key17","name3",270,345.34,"human",true,23.23,23.2,25.2,"11 Apr 2019 01:23:27 GMT"
"key18","name3",270,345.34,"human",true,23.23,23.2,25.2,"11 Apr 2019 01:23:27 GMT"
"key19","name3",270,345.34,"human",true,23.23,23.2,25.2,"11 Apr 2019 01:23:27 GMT"
"key20","name3",270,345.34,"human",true,23.23,23.2,25.2,"11 Apr 2019 01:23:27 GMT"
"key21","name3",270,345.34,"human",true,23.23,23.2,25.2,"11 Apr 2019 01:23:27 GMT"
"key22","name3",270,345.34,"human",true,23.23,23.2,25.2,"11 Apr 2019 01:23:27 GMT"
"key23","name3",270,345.34,"human",true,23.23,23.2,25.2,"11 Apr 2019 01:23:27 GMT"
"key24","name3",270,345.34,"human",true,23.23,23.2,25.2,"11 Apr 2019 01:23:27 GMT"
"key25","name3",270,345.34,"human",true,23.23,23.2,25.2,"11 Apr 2019 01:23:27 GMT"
"key26","name3",270,345.34,"human",true,23.23,23.2,25.2,"11 Apr 2019 01:23:27 GMT"
"key27","name3",270,345.34,"human",true,23.23,23.2,25.2,"11 Apr 2019 01:23:27 GMT"
"key28","name3",270,345.34,"human",true,23.23,23.2,25.2,"11 Apr 2019 01:23:27 GMT"
"key29","name3",270,345.34,"human",true,23.23,23.2,25.2,"11 Apr 2019 01:23:27 GMT"
"key30","name3",270,345.34,"human",true,23.23,23.2,25.2,"11 Apr 2019 01:23:27 GMT"
"key31","name3",270,345.34,"human",true,23.23,23.2,25.2,"11 Apr 2019 01:23:27 GMT"
"key32","name3",270,345.34,"human",true,23.23,23.2,25.2,"11 Apr 2019 01:23:27 GMT"
"key33","name3",270,345.34,"human",true,23.23,23.2,25.2,"11 Apr 2019 01:23:27 GMT"
"key34","name3",270,345.34,"human",true,23.23,23.2,25.2,"11 Apr 2019 01:23:27 GMT"
"key35","name3",270,345.34,"human",true,23.23,23.2,25.2,"11 Apr 2019 01:23:27 GMT"
"key36","name3",270,345.34,"human",true,23.23,23.2,25.2,"11 Apr 2019 01:23:27 GMT"
"key37","name3",270,345.34,"human",true,23.23,23.2,25.2,"11 Apr 2019 01:23:27 GMT"
"key38","name3",270,345.34,"human",true,23.23,23.2,25.2,"11 Apr 2019 01:23:27 GMT"
"key39","name3",270,345.34,"human",true,23.23,23.2,25.2,"11 Apr 2019 01:23:27 GMT"
"key40","name3",270,345.34,"human",true,23.23,23.2,25.2,"11 Apr 2019 01:23:27 GMT"
"key41","name3",270,345.34,"human",true,23.23,23.2,25.2,"11 Apr 2019 01:23:27 GMT"
"key42","name3",270,345.34,"human",true,23.23,23.2,25.2,"11 Apr 2019 01:23:27 GMT"
"key43","name3",270,345.34,"human",true,23.23,23.2,25.2,"11 Apr 2019 01:23:27 GMT"
"key44","name3",270,345.34,"human",true,23.23,23.2,25.2,"11 Apr 2019 01:23:27 GMT"
"key45","name3",270,345.34,"human",true,23.23,23.2,25.2,"11 Apr 2019 01:23:27 GMT"
"key46","name3",270,345.34,"human",true,23.23,23.2,25.2,"11 Apr 2019 01:23:27 GMT"
"key47","name3",270,345.34,"human",true,23.23,23.2,25.2,"11 Apr 2019 01:23:27 GMT"
"key48","name3",270,345.34,"human",true,23.23,23.2,25.2,"11 Apr 2019 01:23:27 GMT"
"key49","name3",270,345.34,"human",true,23.23,23.2,25.2,"11 Apr 2019 01:23:27 GMT"
"key50","name3",270,345.34,"human",true,23.23,23.2,25.2,"11 Apr 2019 01:23:27 GMT"
"key51","name3",270,345.34,"human",true,23.23,23.2,25.2,"11 Apr 2019 01:23:27 GMT"
"key52","name3",270,345.34,"human",true,23.23,23.2,25.2,"11 Apr 2019 01:23:27 GMT"
"key53","name3",270,345.34,"human",true,23.23,23.2,25.2,"11 Apr 2019 01:23:27 GMT"
"key54","name3",270,345.34,"human",true,23.23,23.2,25.2,"11 Apr 2019 01:23:27 GMT"
"key55","name3",270,345.34,"human",true,23.23,23.2,25.2,"11 Apr 2019 01:23:27 GMT"
"key56","name3",270,345.34,"human",true,23.23,23.2,25.2,"11 Apr 2019 01:23:27 GMT"
"key57","name3",270,345.34,"human",true,23.23,23.2,25.2,"11 Apr 2019 01:23:27 GMT"
"key58","name3",270,345.34,"human",true,23.23,23.2,25.2,"11 Apr 2019 01:23:27 GMT"
"key59","name3",270,345.34,"human",true,23.23,23.2,25.2,"11 Apr 2019 01:23:27 GMT"
"key60","name3",270,345.34,"human",true,23.23,23.2,25.2,"11 Apr 2019 01:23:27 GMT"
"key61","name3",270,345.34,"human",true,23.23,23.2,25.2,"11 Apr 2019 01:23:27 GMT"
"key62","name3",270,345.34,"human",true,23.23,23.2,25.2,"11 Apr 2019 01:23:27 GMT"
"key63","name3",270,345.34,"human",true,23.23,23.2,25.2,"11 Apr 2019 01:23:27 GMT"
"key64","name3",270,345.34,"human",true,23.23,23.2,25.2,"11 Apr 2019 01:23:27 GMT"
"key65","name3",270,345.34,"human",true,23.23,23.2,25.2,"11 Apr 2019 01:23:27 GMT"
"key66","name3",270,345.34,"human",true,23.23,23.2,25.2,"11 Apr 2019 01:23:27 GMT"
"key67","name3",270,345.34,"human",true,23.23,23.2,25.2,"11 Apr 2019 01:23:27 GMT"
"key68","name3",270,345.34,"human",true,23.23,23.2,25.2,"11 Apr 2019 01:23:27 GMT"
"key69","name3",270,345.34,"human",true,23.23,23.2,25.2,"11 Apr 2019 01:23:27 GMT"
"key70","name3",270,345.34,"human",true,23.23,23.2,25.2,"11 Apr 2019 01:23:27 GMT"
"key71","name3",270,345.34,"human",true,23.23,23.2,25.2,"11 Apr 2019 01:23:27 GMT"
"key72","name3",270,345.34,"human",true,23.23,23.2,25.2,"11 Apr 2019 01:23:27 GMT"
"key73","name3",270,345.34,"human",true,23.23,23.2,25.2,"11 Apr 2019 01:23:27 GMT"
"key74","name3",270,345.34,"human",true,23.23,23.2,25.2,"11 Apr 2019 01:23:27 GMT"
"key75","name3",270,345.34,"human",true,23.23,23.2,25.2,"11 Apr 2019 01:23:27 GMT"
"key76","name3",270,345.34,"human",true,23.23,23.2,25.2,"11 Apr 2019 01:23:27 GMT"
"key77","name3",270,345.34,"human",true,23.23,23.2,25.2,"11 Apr 2019 01:23:27 GMT"
"key78","name3",270,345.34,"human",true,23.23,23.2,25.2,"11 Apr 2019 01:23:27 GMT"
"key79","name3",270,345.34,"human",true,23.23,23.2,25.2,"11 Apr 2019 01:23:27 GMT"
"key80","name3",270,345.34,"human",true,23.23,23.2,25.2,"11 Apr 2019 01:23:27 GMT"
"key81","name3",270,345.34,"human",true,23.23,23.2,25.2,"11 Apr 2019 01:23:27 GMT"
"key82","name3",270,345.34,"human",true,23.23,23.2,25.2,"11 Apr 2019 01:23:27 GMT"
"key83","name3",270,345.34,"human",true,23.23,23.2,25.2,"11 Apr 2019 01:23:27 GMT"
"key84","name3",270,345.34,"human",true,23.23,23.2,25.2,"11 Apr 2019 01:23:27 GMT"
"key85","name3",270,345.34,"human",true,23.23,23.2,25.2,"11 Apr 2019 01:23:27 GMT"
"key86","name3",270,345.34,"human",true,23.23,23.2,25.2,"11 Apr 2019 01:23:27 GMT"
"key87","name3",270,345.34,"human",true,23.23,23.2,25.2,"11 Apr 2019 01:23:27 GMT"
"key88","name3",270,345.34,"human",true,23.23,23.2,25.2,"11 Apr 2019 01:23:27 GMT"
"key89","name3",270,345.34,"human",true,23.23,23.2,25.2,"11 Apr 2019 01:23:27 GMT"
"key90","name3",270,345.34,"human",true,23.23,23.2,25.2,"11 Apr 2019 01:23:27 GMT"
"key91","name3",270,345.34,"human",true,23.23,23.2,25.2,"11 Apr 2019 01:23:27 GMT"
"key92","name3",270,345.34,"human",true,23.23,23.2,25.2,"11 Apr 2019 01:23:27 GMT"
"key93","name3",270,345.34,"human",true,23.23,23.2,25.2,"11 Apr 2019 01:23:27 GMT"
"key94","name3",270,345.34,"human",true,23.23,23.2,25.2,"11 Apr 2019 01:23:27 GMT"
"key95","name3",270,345.34,"human",true,23.23,23.2,25.2,"11 Apr 2019 01:23:27 GMT"
"key96","name3",270,345.34,"human",true,23.23,23.2,25.2,"11 Apr 2019 01:23:27 GMT"
"key97","name3",270,345.34,"human",true,23.23,23.2,25.2,"11 Apr 2019 01:23:27 GMT"
"key98","name3",270,345.34,"human",true,23.23,23.2,25.2,"11 Apr 2019 01:23:27 GMT"
"key99","name3",270,345.34,"human",true,23.23,23.2,25.2,"11 Apr 2019 01:23:27 GMT"
"key100","name3",270,345.34,"human",true,23.23,23.2,25.2,"11 Apr 2019 01:23:27 GMT"
"key101","name3",270,345.34,"human",true,23.23,23.2,25.2,"11 Apr 2019 01:23:27 GMT"
"key102","name3",270,345.34,"human",true,23.23,23.2,25.2,"11 Apr 2019 01:23:27 GMT"
"key103","name3",270,345.34,"human",true,23.23,23.2,25.2,"11 Apr 2019 01:23:27 GMT"
"key104","name3",270,345.34,"human",true,23.23,23.2,25.2,"11 Apr 2019 01:23:27 GMT"
"key105","name3",270,345.34,"human",true,23.23,23.2,25.2,"11 Apr 2019 01:23:27 GMT"
"key106","name3",270,345.34,"human",true,23.23,23.2,25.2,"11 Apr 2019 01:23:27 GMT"
"key107","name3",270,345.34,"human",true,23.23,23.2,25.2,"11 Apr 2019 01:23:27 GMT"
"key108","name3",270,345.34,"human",true,23.23,23.2,25.2,"11 Apr 2019 01:23:27 GMT"
"key109","name3",270,345.34,"human",true,23.23,23.2,25.2,"11 Apr 2019 01:23:27 GMT"
"key110","name3",270,345.34,"human",true,23.23,23.2,25.2,"11 Apr 2019 01:23:27 GMT"
"key111","name3",270,345.34,"human",true,23.23,23.2,25.2,"11 Apr 2019 01:23:27 GMT"
"key112","name3",270,345.34,"human",true,23.23,23.2,25.2,"11 Apr 2019 01:23:27 GMT"
"key113","name3",270,345.34,"human",true,23.23,23.2,25.2,"11 Apr 2019 01:23:27 GMT"
"key114","name3",270,345.34,"human",true,23.23,23.2,25.2,"11 Apr 2019 01:23:27 GMT"
"key115","name3",270,345.34,"human",true,23.23,23.2,25.2,"11 Apr 2019 01:23:27 GMT"
"key116","name3",270,345.34,"human",true,23.23,23.2,25.2,"11 Apr 2019 01:23:27 GMT"
"key117","name3",270,345.34,"human",true,23.23,23.2,25.2,"11 Apr 2019 01:23:27 GMT"
"key118","name3",270,345.34,"human",true,23.23,23.2,25.2,"11 Apr 2019 01:23:27 GMT"
"key119","name3",270,345.34,"human",true,23.23,23.2,25.2,"11 Apr 2019 01:23:27 GMT"
"key120","name3",270,345.34,"human",true,23.23,23.2,25.2,"11 Apr 2019 01:23:27 GMT"
"key121","name3",270,345.34,"human",true,23.23,23.2,25.2,"11 Apr 2019 01:23:27 GMT"
"key122","name3",270,345.34,"human",true,23.23,23.2,25.2,"11 Apr 2019 01:23:27 GMT"
"key123","name3",270,345.34,"human",true,23.23,23.2,25.2,"11 Apr 2019 01:23:27 GMT"
"key124","name3",270,345.34,"human",true,23.23,23.2,25.2,"11 Apr 2019 01:23:27 GMT"
"key125","name3",270,345.34,"human",true,23.23,23.2,25.2,"11 Apr 2019 01:23:27 GMT"
"key126","name3",270,345.34,"human",true,23.23,23.2,25.2,"11 Apr 2019 01:23:27 GMT"
"key127","name3",270,345.34,"human",true,23.23,23.2,25.2,"11 Apr 2019 01:23:27 GMT"
"key128","name3",270,345.34,"human",true,23.23,23.2,25.2,"11 Apr 2019 01:23:27 GMT"
"key129","name3",270,345.34,"human",true,23.23,23.2,25.2,"11 Apr 2019 01:23:27 GMT"
"key130","name3",270,345.34,"human",true,23.23,23.2,25.2,"11 Apr 2019 01:23:27 GMT"
"key131","name3",270,345.34,"human",true,23.23,23.2,25.2,"11 Apr 2019 01:23:27 GMT"
"key132","name3",270,345.34,"human",true,23.23,23.2,25.2,"11 Apr 2019 01:23:27 GMT"
"key133","name3",270,345.34,"human",true,23.23,23.2,25.2,"11 Apr 2019 01:23:27 GMT"
"key134","name3",270,345.34,"human",true,23.23,23.2,25.2,"11 Apr 2019 01:23:27 GMT"
"key135","name3",270,345.34,"human",true,23.23,23.2,25.2,"11 Apr 2019 01:23:27 GMT"
"key136","name3",270,345.34,"human",true,23.23,23.2,25.2,"11 Apr 2019 01:23:27 GMT"
"key137","name3",270,345.34,"human",true,23.23,23.2,25.2,"11 Apr 2019 01:23:27 GMT"
"key138","name3",270,345.34,"human",true,23.23,23.2,25.2,"11 Apr 2019 01:23:27 GMT"
"key139","name3",270,345.34,"human",true,23.23,23.2,25.2,"11 Apr 2019 01:23:27 GMT"
"key140","name3",270,345.34,"human",true,23.23,23.2,25.2,"11 Apr 2019 01:23:27 GMT"
"key141","name3",270,345.34,"human",true,23.23,23.2,25.2,"11 Apr 2019 01:23:27 GMT"
"key142","name3",270,345.34,"human",true,23.23,23.2,25.2,"11 Apr 2019 01:23:27 GMT"
"key143","name3",270,345.34,"human",true,23.23,23.2,25.2,"11 Apr 2019 01:23:27 GMT"
"key144","name3",270,345.34,"human",true,23.23,23.2,25.2,"11 Apr 2019 01:23:27 GMT"
"key145","name3",270,345.34,"human",true,23.23,23.2,25.2,"11 Apr 2019 01:23:27 GMT"
"key146","name3",270,345.34,"human",true,23.23,23.2,25.2,"11 Apr 2019 01:23:27 GMT"
"key147","name3",270,345.34,"human",true,23.23,23.2,25.2,"11 Apr 2019 01:23:27 GMT"
"key148","name3",270,345.34,"human",true,23.23,23.2,25.2,"11 Apr 2019 01:23:27 GMT"
"key149","name3",270,345.34,"human",true,23.23,23.2,25.2,"11 Apr 2019 01:23:27 GMT"
"key150","name3",270,345.34,"human",true,23.23,23.2,25.2,"11 Apr 2019 01:23:27 GMT"
"key151","name3",270,345.34,"human",true,23.23,23.2,25.2,"11 Apr 2019 01:23:27 GMT"
"key152","name3",270,345.34,"human",true,23.23,23.2,25.2,"11 Apr 2019 01:23:27 GMT"
"key153","name3",270,345.34,"human",true,23.23,23.2,25.2,"11 Apr 2019 01:23:27 GMT"
"key154","name3",270,345.34,"human",true,23.23,23.2,25.2,"11 Apr 2019 01:23:27 GMT"
"key155","name3",270,345.34,"human",true,23.23,23.2,25.2,"11 Apr 2019 01:23:27 GMT"
"key156","name3",270,345.34,"human",true,23.23,23.2,25.2,"11 Apr 2019 01:23:27 GMT"
"key157","name3",270,345.34,"human",true,23.23,23.2,25.2,"11 Apr 2019 01:23:27 GMT"
"key158","name3",270,345.34,"human",true,23.23,23.2,25.2,"11 Apr 2019 01:23:27 GMT"
"key159","name3",270,345.34,"human",true,23.23,23.2,25.2,"11 Apr 2019 01:23:27 GMT"
"key160","name3",270,345.34,"human",true,23.23,23.2,25.2,"11 Apr 2019 01:23:27 GMT"
"key161","name3",270,345.34,"human",true,23.23,23.2,25.2,"11 Apr 2019 01:23:27 GMT"
"key162","name3",270,345.34,"human",true,23.23,23.2,25.2,"11 Apr 2019 01:23:27 GMT"
"key163","name3",270,345.34,"human",true,23.23,23.2,25.2,"11 Apr 2019 01:23:27 GMT"
"key164","name3",270,345.34,"human",true,23.23,23.2,25.2,"11 Apr 2019 01:23:27 GMT"
"key165","name3",270,345.34,"human",true,23.23,23.2,25.2,"11 Apr 2019 01:23:27 GMT"
"key166","name3",270,345.34,"human",true,23.23,23.2,25.2,"11 Apr 2019 01:23:27 GMT"
"key167","name3",270,345.34,"human",true,23.23,23.2,25.2,"11 Apr 2019 01:23:27 GMT"
"key168","name3",270,345.34,"human",true,23.23,23.2,25.2,"11 Apr 2019 01:23:27 GMT"
"key169","name3",270,345.34,"human",true,23.23,23.2,25.2,"11 Apr 2019 01:23:27 GMT"
"key170","name3",270,345.34,"human",true,23.23,23.2,25.2,"11 Apr 2019 01:23:27 GMT"
"key171","name3",270,345.34,"human",true,23.23,23.2,25.2,"11 Apr 2019 01:23:27 GMT"
"key172","name3",270,345.34,"human",true,23.23,23.2,25.2,"11 Apr 2019 01:23:27 GMT"
"key173","name3",270,345.34,"human",true,23.23,23.2,25.2,"11 Apr 2019 01:23:27 GMT"
"key174","name3",270,345.34,"human",true,23.23,23.2,25.2,"11 Apr 2019 01:23:27 GMT"
"key175","name3",270,345.34,"human",true,23.23,23.2,25.2,"11 Apr 2019 01:23:27 GMT"
"key176","name3",270,345.34,"human",true,23.23,23.2,25.2,"11 Apr 2019 01:23:27 GMT"
"key177","name3",270,345.34,"human",true,23.23,23.2,25.2,"11 Apr 2019 01:23:27 GMT"
"key178","name3",270,345.34,"human",true,23.23,23.2,25.2,"11 Apr 2019 01:23:27 GMT"
"key179","name3",270,345.34,"human",true,23.23,23.2,25.2,"11 Apr 2019 01:23:27 GMT"
"key180","name3",270,345.34,"human",true,23.23,23.2,25.2,"11 Apr 2019 01:23:27 GMT"
"key181","name3",270,345.34,"human",true,23.23,23.2,25.2,"11 Apr 2019 01:23:27 GMT"
"key182","name3",270,345.34,"human",true,23.23,23.2,25.2,"11 Apr 2019 01:23:27 GMT"
"key183","name3",270,345.34,"human",true,23.23,23.2,25.2,"11 Apr 2019 01:23:27 GMT"
"key184","name3",270,345.34,"human",true,23.23,23.2,25.2,"11 Apr 2019 01:23:27 GMT"
"key185","name3",270,345.34,"human",true,23.23,23.2,25.2,"11 Apr 2019 01:23:27 GMT"
"key186","name3",270,345.34,"human",true,23.23,23.2,25.2,"11 Apr 2019 01:23:27 GMT"
"key187","name3",270,345.34,"human",true,23.23,23.2,25.2,"11 Apr 2019 01:23:27 GMT"
"key188","name3",270,345.34,"human",true,23.23,23.2,25.2,"11 Apr 2019 01:23:27 GMT"
"key189","name3",270,345.34,"human",true,23.23,23.2,25.2,"11 Apr 2019 01:23:27 GMT"
"key190","name3",270,345.34,"human",true,23.23,23.2,25.2,"11 Apr 2019 01:23:27 GMT"
"key191","name3",270,345.34,"human",true,23.23,23.2,25.2,"11 Apr 2019 01:23:27 GMT"
"key192","name3",270,345.34,"human",true,23.23,23.2,25.2,"11 Apr 2019 01:23:27 GMT"
"key193","name3",270,345.34,"human",true,23.23,23.2,25.2,"11 Apr 2019 01:23:27 GMT"
"key194","name3",270,345.34,"human",true,23.23,23.2,25.2,"11 Apr 2019 01:23:27 GMT"
"key195","name3",270,345.34,"human",true,23.23,23.2,25.2,"11 Apr 2019 01:23:27 GMT"
"key196","name3",270,345.34,"human",true,23.23,23.2,25.2,"11 Apr 2019 01:23:27 GMT"
"key197","name3",270,345.34,"human",true,23.23,23.2,25.2,"11 Apr 2019 01:23:27 GMT"
"key198","name3",270,345.34,"human",true,23.23,23.2,25.2,"11 Apr 2019 01:23:27 GMT"
"key199","name3",270,345.34,"human",true,23.23,23.2,25.2,"11 Apr 2019 01:23:27 GMT"
"key200","name3",270,345.34,"human",true,23.23,23.2,25.2,"11 Apr 2019 01:23:27 GMT"
"key201","name3",270,345.34,"human",true,23.23,23.2,25.2,"11 Apr 2019 01:23:27 GMT"
"key202","name3",270,345.34,"human",true,23.23,23.2,25.2,"11 Apr 2019 01:23:27 GMT"
"key203","name3",270,345.34,"human",true,23.23,23.2,25.2,"11 Apr 2019 01:23:27 GMT"
"key204","name3",270,345.34,"human",true,23.23,23.2,25.2,"11 Apr 2019 01:23:27 GMT"
"key205","name3",270,345.34,"human",true,23.23,23.2,25.2,"11 Apr 2019 01:23:27 GMT"
"key206","name3",270,345.34,"human",true,23.23,23.2,25.2,"11 Apr 2019 01:23:27 GMT"
"key207","name3",270,345.34,"human",true,23.23,23.2,25.2,"11 Apr 2019 01:23:27 GMT"
"key208","name3",270,345.34,"human",true,23.23,23.2,25.2,"11 Apr 2019 01:23:27 GMT"
"key209","name3",270,345.34,"human",true,23.23,23.2,25.2,"11 Apr 2019 01:23:27 GMT"
"key210","name3",270,345.34,"human",true,23.23,23.2,25.2,"11 Apr 2019 01:23:27 GMT"
"key211","name3",270,345.34,"human",true,23.23,23.2,25.2,"11 Apr 2019 01:23:27 GMT"
"key212","name3",270,345.34,"human",true,23.23,23.2,25.2,"11 Apr 2019 01:23:27 GMT"
"key213","name3",270,345.34,"human",true,23.23,23.2,25.2,"11 Apr 2019 01:23:27 GMT"
"key214","name3",270,345.34,"human",true,23.23,23.2,25.2,"11 Apr 2019 01:23:27 GMT"
"key215","name3",270,345.34,"human",true,23.23,23.2,25.2,"11 Apr 2019 01:23:27 GMT"
"key216","name3",270,345.34,"human",true,23.23,23.2,25.2,"11 Apr 2019 01:23:27 GMT"
"key217","name3",270,345.34,"human",true,23.23,23.2,25.2,"11 Apr 2019 01:23:27 GMT"
"key218","name3",270,345.34,"human",true,23.23,23.2,25.2,"11 Apr 2019 01:23:27 GMT"
"key219","name3",270,345.34,"human",true,23.23,23.2,25.2,"11 Apr 2019 01:23:27 GMT"
"key220","name3",270,345.34,"human",true,23.23,23.2,25.2,"11 Apr 2019 01:23:27 GMT"
"key221","name3",270,345.34,"human",true,23.23,23.2,25.2,"11 Apr 2019 01:23:27 GMT"
"key222","name3",270,345.34,"human",true,23.23,23.2,25.2,"11 Apr 2019 01:23:27 GMT"
"key223","name3",270,345.34,"human",true,23.23,23.2,25.2,"11 Apr 2019 01:23:27 GMT"
"key224","name3",270,345.34,"human",true,23.23,23.2,25.2,"11 Apr 2019 01:23:27 GMT"
"key225","name3",270,345.34,"human",true,23.23,23.2,25.2,"11 Apr 2019 01:23:27 GMT"
"key226","name3",270,345.34,"human",true,23.23,23.2,25.2,"11 Apr 2019 01:23:27 GMT"
"key227","name3",270,345.34,"human",true,23.23,23.2,25.2,"11 Apr 2019 01:23:27 GMT"
"key228","name3",270,345.34,"human",true,23.23,23.2,25.2,"11 Apr 2019 01:23:27 GMT"
"key229","name3",270,345.34,"human",true,23.23,23.2,25.2,"11 Apr 2019 01:23:27 GMT"
"key230","name3",270,345.34,"human",true,23.23,23.2,25.2,"11 Apr 2019 01:23:27 GMT"
"key231","name3",270,345.34,"human",true,23.23,23.2,25.2,"11 Apr 2019 01:23:27 GMT"
"key232","name3",270,345.34,"human",true,23.23,23.2,25.2,"11 Apr 2019 01:23:27 GMT"
"key233","name3",270,345.34,"human",true,23.23,23.2,25.2,"11 Apr 2019 01:23:27 GMT"
"key234","name3",270,345.34,"human",true,23.23,23.2,25.2,"11 Apr 2019 01:23:27 GMT"
"key235","name3",270,345.34,"human",true,23.23,23.2,25.2,"11 Apr 2019 01:23:27 GMT"
"key236","name3",270,345.34,"human",true,23.23,23.2,25.2,"11 Apr 2019 01:23:27 GMT"
"key237","name3",270,345.34,"human",true,23.23,23.2,25.2,"11 Apr 2019 01:23:27 GMT"
"key238","name3",270,345.34,"human",true,23.23,23.2,25.2,"11 Apr 2019 01:23:27 GMT"
"key239","name3",270,345.34,"human",true,23.23,23.2,25.2,"11 Apr 2019 01:23:27 GMT"
"key240","name3",270,345.34,"human",true,23.23,23.2,25.2,"11 Apr 2019 01:23:27 GMT"
"key241","name3",270,345.34,"human",true,23.23,23.2,25.2,"11 Apr 2019 01:23:27 GMT"
"key242","name3",270,345.34,"human",true,23.23,23.2,25.2,"11 Apr 2019 01:23:27 GMT"
"key243","name3",270,345.34,"human",true,23.23,23.2,25.2,"11 Apr 2019 01:23:27 GMT"
"key244","name3",270,345.34,"human",true,23.23,23.2,25.2,"11 Apr 2019 01:23:27 GMT"
"key245","name3",270,345.34,"human",true,23.23,23.2,25.2,"11 Apr 2019 01:23:27 GMT"
"key246","name3",270,345.34,"human",true,23.23,23.2,25.2,"11 Apr 2019 01:23:27 GMT"
"key247","name3",270,345.34,"human",true,23.23,23.2,25.2,"11 Apr 2019 01:23:27 GMT"
"key248","name3",270,345.34,"human",true,23.23,23.2,25.2,"11 Apr 2019 01:23:27 GMT"
"key249","name3",270,345.34,"human",true,23.23,23.2,25.2,"11 Apr 2019 01:23:27 GMT"
"key250","name3",270,345.34,"human",true,23.23,23.2,25.2,"11 Apr 2019 01:23:27 GMT"
"key251","name3",270,345.34,"human",true,23.23,23.2,25.2,"11 Apr 2019 01:23:27 GMT"
"key252","name3",270,345.34,"human",true,23.23,23.2,25.2,"11 Apr 2019 01:23:27 GMT"
"key253","name3",270,345.34,"human",true,23.23,23.2,25.2,"11 Apr 2019 01:23:27 GMT"
"key254","name3",270,345.34,"human",true,23.23,23.2,25.2,"11 Apr 2019 01:23:27 GMT"
"key255","name3",270,345.34,"human",true,23.23,23.2,25.2,"11 Apr 2019 01:23:27 GMT"
"key256","name3",270,345.34,"human",true,23.23,23.2,25.2,"11 Apr 2019 01:23:27 GMT"
"key257","name3",270,345.34,"human",true,23.23,23.2,25.2,"11 Apr 2019 01:23:27 GMT"
"key258","name3",270,345.34,"human",true,23.23,23.2,25.2,"11 Apr 2019 01:23:27 GMT"
"key259","name3",270,345.34,"human",true,23.23,23.2,25.2,"11 Apr 2019 01:23:27 GMT"
"key260","name3",270,345.34,"human",true,23.23,23.2,25.2,"11 Apr 2019 01:23:27 GMT"
"key261","name3",270,345.34,"human",true,23.23,23.2,25.2,"11 Apr 2019 01:23:27 GMT"
"key262","name3",270,345.34,"human",true,23.23,23.2,25.2,"11 Apr 2019 01:23:27 GMT"
"key263","name3",270,345.34,"human",true,23.23,23.2,25.2,"11 Apr 2019 01:23:27 GMT"
"key264","name3",270,345.34,"human",true,23.23,23.2,25.2,"11 Apr 2019 01:23:27 GMT"
"key265","name3",270,345.34,"human",true,23.23,23.2,25.2,"11 Apr 2019 01:23:27 GMT"
"key266","name3",270,345.34,"human",true,23.23,23.2,25.2,"11 Apr 2019 01:23:27 GMT"
"key267","name3",270,345.34,"human",true,23.23,23.2,25.2,"11 Apr 2019 01:23:27 GMT"
"key268","name3",270,345.34,"human",true,23.23,23.2,25.2,"11 Apr 2019 01:23:27 GMT"
"key269","name3",270,345.34,"human",true,23.23,23.2,25.2,"11 Apr 2019 01:23:27 GMT"
"key270","name3",270,345.34,"human",true,23.23,23.2,25.2,"11 Apr 2019 01:23:27 GMT"
"key271","name3",270,345.34,"human",true,23.23,23.2,25.2,"11 Apr 2019 01:23:27 GMT"
"key272","name3",270,345.34,"human",true,23.23,23.2,25.2,"11 Apr 2019 01:23:27 GMT"
"key273","name3",270,345.34,"human",true,23.23,23.2,25.2,"11 Apr 2019 01:23:27 GMT"
"key274","name3",270,345.34,"human",true,23.23,23.2,25.2,"11 Apr 2019 01:23:27 GMT"
"key275","name3",270,345.34,"human",true,23.23,23.2,25.2,"11 Apr 2019 01:23:27 GMT"
"key276","name3",270,345.34,"human",true,23.23,23.2,25.2,"11 Apr 2019 01:23:27 GMT"
"key277","name3",270,345.34,"human",true,23.23,23.2,25.2,"11 Apr 2019 01:23:27 GMT"
"key278","name3",270,345.34,"human",true,23.23,23.2,25.2,"11 Apr 2019 01:23:27 GMT"
"key279","name3",270,345.34,"human",true,23.23,23.2,25.2,"11 Apr 2019 01:23:27 GMT"
"key280","name3",270,345.34,"human",true,23.23,23.2,25.2,"11 Apr 2019 01:23:27 GMT"
"key281","name3",270,345.34,"human",true,23.23,23.2,25.2,"11 Apr 2019 01:23:27 GMT"
"key282","name3",270,345.34,"human",true,23.23,23.2,25.2,"11 Apr 2019 01:23:27 GMT"
"key283","name3",270,345.34,"human",true,23.23,23.2,25.2,"11 Apr 2019 01:23:27 GMT"
"key284","name3",270,345.34,"human",true,23.23,23.2,25.2,"11 Apr 2019 01:23:27 GMT"
"key285","name3",270,345.34,"human",true,23.23,23.2,25.2,"11 Apr 2019 01:23:27 GMT"
"key286","name3",270,345.34,"human",true,23.23,23.2,25.2,"11 Apr 2019 01:23:27 GMT"
"key287","name3",270,345.34,"human",true,23.23,23.2,25.2,"11 Apr 2019 01:23:27 GMT"
"key288","name3",270,345.34,"human",true,23.23,23.2,25.2,"11 Apr 2019 01:23:27 GMT"
"key289","name3",270,345.34,"human",true,23.23,23.2,25.2,"11 Apr 2019 01:23:27 GMT"
"key290","name3",270,345.34,"human",true,23.23,23.2,25.2,"11 Apr 2019 01:23:27 GMT"
"key291","name3",270,345.34,"human",true,23.23,23.2,25.2,"11 Apr 2019 01:23:27 GMT"
"key292","name3",270,345.34,"human",true,23.23,23.2,25.2,"11 Apr 2019 01:23:27 GMT"
"key293","name3",270,345.34,"human",true,23.23,23.2,25.2,"11 Apr 2019 01:23:27 GMT"
"key294","name3",270,345.34,"human",true,23.23,23.2,25.2,"11 Apr 2019 01:23:27 GMT"
"key295","name3",270,345.34,"human",true,23.23,23.2,25.2,"11 Apr 2019 01:23:27 GMT"
"key296","name3",270,345.34,"human",true,23.23,23.2,25.2,"11 Apr 2019 01:23:27 GMT"
"key297","name3",270,345.34,"human",true,23.23,23.2,25.2,"11 Apr 2019 01:23:27 GMT"
"key298","name3",270,345.34,"human",true,23.23,23.2,25.2,"11 Apr 2019 01:23:27 GMT"
"key299","name3",270,345.34,"human",true,23.23,23.2,25.2,"11 Apr 2019 01:23:27 GMT"
"key300","name3",270,345.34,"human",true,23.23,23.2,25.2,"11 Apr 2019 01:23:27 GMT"
"key301","name3",270,345.34,"human",true,23.23,23.2,25.2,"11 Apr 2019 01:23:27 GMT"
"key302","name3",270,345.34,"human",true,23.23,23.2,25.2,"11 Apr 2019 01:23:27 GMT"
"key303","name3",270,345.34,"human",true,23.23,23.2,25.2,"11 Apr 2019 01:23:27 GMT"
"key304","name3",270,345.34,"human",true,23.23,23.2,25.2,"11 Apr 2019 01:23:27 GMT"
"key305","name3",270,345.34,"human",true,23.23,23.2,25.2,"11 Apr 2019 01:23:27 GMT"
"key306","name3",270,345.34,"human",true,23.23,23.2,25.2,"11 Apr 2019 01:23:27 GMT"
"key307","name3",270,345.34,"human",true,23.23,23.2,25.2,"11 Apr 2019 01:23:27 GMT"
"key308","name3",270,345.34,"human",true,23.23,23.2,25.2,"11 Apr 2019 01:23:27 GMT"
"key309","name3",270,345.34,"human",true,23.23,23.2,25.2,"11 Apr 2019 01:23:27 GMT"
"key310","name3",270,345.34,"human",true,23.23,23.2,25.2,"11 Apr 2019 01:23:27 GMT"
"key311","name3",270,345.34,"human",true,23.23,23.2,25.2,"11 Apr 2019 01:23:27 GMT"
"key312","name3",270,345.34,"human",true,23.23,23.2,25.2,"11 Apr 2019 01:23:27 GMT"
"key313","name3",270,345.34,"human",true,23.23,23.2,25.2,"11 Apr 2019 01:23:27 GMT"
"key314","name3",270,345.34,"human",true,23.23,23.2,25.2,"11 Apr 2019 01:23:27 GMT"
"key315","name3",270,345.34,"human",true,23.23,23.2,25.2,"11 Apr 2019 01:23:27 GMT"
"key316","name3",270,345.34,"human",true,23.23,23.2,25.2,"11 Apr 2019 01:23:27 GMT"
"key317","name3",270,345.34,"human",true,23.23,23.2,25.2,"11 Apr 2019 01:23:27 GMT"
"key318","name3",270,345.34,"human",true,23.23,23.2,25.2,"11 Apr 2019 01:23:27 GMT"
"key319","name3",270,345.34,"human",true,23.23,23.2,25.2,"11 Apr 2019 01:23:27 GMT"
"key320","name3",270,345.34,"human",true,23.23,23.2,25.2,"11 Apr 2019 01:23:27 GMT"
"key321","name3",270,345.34,"human",true,23.23,23.2,25.2,"11 Apr 2019 01:23:27 GMT"
"key322","name3",270,345.34,"human",true,23.23,23.2,25.2,"11 Apr 2019 01:23:27 GMT"
"key323","name3",270,345.34,"human",true,23.23,23.2,25.2,"11 Apr 2019 01:23:27 GMT"
"key324","name3",270,345.34,"human",true,23.23,23.2,25.2,"11 Apr 2019 01:23:27 GMT"
"key325","name3",270,345.34,"human",true,23.23,23.2,25.2,"11 Apr 2019 01:23:27 GMT"
"key326","name3",270,345.34,"human",true,23.23,23.2,25.2,"11 Apr 2019 01:23:27 GMT"
"key327","name3",270,345.34,"human",true,23.23,23.2,25.2,"11 Apr 2019 01:23:27 GMT"
"key328","name3",270,345.34,"human",true,23.23,23.2,25.2,"11 Apr 2019 01:23:27 GMT"
"key329","name3",270,345.34,"human",true,23.23,23.2,25.2,"11 Apr 2019 01:23:27 GMT"
"key330","name3",270,345.34,"human",true,23.23,23.2,25.2,"11 Apr 2019 01:23:27 GMT"
"key331","name3",270,345.34,"human",true,23.23,23.2,25.2,"11 Apr 2019 01:23:27 GMT"
"key332","name3",270,345.34,"human",true,23.23,23.2,25.2,"11 Apr 2019 01:23:27 GMT"
"key333","name3",270,345.34,"human",true,23.23,23.2,25.2,"11 Apr 2019 01:23:27 GMT"
"key334","name3",270,345.34,"human",true,23.23,23.2,25.2,"11 Apr 2019 01:23:27 GMT"
"key335","name3",270,345.34,"human",true,23.23,23.2,25.2,"11 Apr 2019 01:23:27 GMT"
"key336","name3",270,345.34,"human",true,23.23,23.2,25.2,"11 Apr 2019 01:23:27 GMT"
"key337","name3",270,345.34,"human",true,23.23,23.2,25.2,"11 Apr 2019 01:23:27 GMT"
"key338","name3",270,345.34,"human",true,23.23,23.2,25.2,"11 Apr 2019 01:23:27 GMT"
"key339","name3",270,345.34,"human",true,23.23,23.2,25.2,"11 Apr 2019 01:23:27 GMT"
"key340","name3",270,345.34,"human",true,23.23,23.2,25.2,"11 Apr 2019 01:23:27 GMT"
"key341","name3",270,345.34,"human",true,23.23,23.2,25.2,"11 Apr 2019 01:23:27 GMT"
"key342","name3",270,345.34,"human",true,23.23,23.2,25.2,"11 Apr 2019 01:23:27 GMT"
"key343","name3",270,345.34,"human",true,23.23,23.2,25.2,"11 Apr 2019 01:23:27 GMT"
"key344","name3",270,345.34,"human",true,23.23,23.2,25.2,"11 Apr 2019 01:23:27 GMT"
"key345","name3",270,345.34,"human",true,23.23,23.2,25.2,"11 Apr 2019 01:23:27 GMT"
"key346","name3",270,345.34,"human",true,23.23,23.2,25.2,"11 Apr 2019 01:23:27 GMT"
"key347","name3",270,345.34,"human",true,23.23,23.2,25.2,"11 Apr 2019 01:23:27 GMT"
"key348","name3",270,345.34,"human",true,23.23,23.2,25.2,"11 Apr 2019 01:23:27 GMT"
"key349","name3",270,345.34,"human",true,23.23,23.2,25.2,"11 Apr 2019 01:23:27 GMT"
"key350","name3",270,345.34,"human",true,23.23,23.2,25.2,"11 Apr 2019 01:23:27 GMT"
"key351","name3",270,345.34,"human",true,23.23,23.2,25.2,"11 Apr 2019 01:23:27 GMT"
"key352","name3",270,345.34,"human",true,23.23,23.2,25.2,"11 Apr 2019 01:23:27 GMT"
"key353","name3",270,345.34,"human",true,23.23,23.2,25.2,"11 Apr 2019 01:23:27 GMT"
"key354","name3",270,345.34,"human",true,23.23,23.2,25.2,"11 Apr 2019 01:23:27 GMT"
"key355","name3",270,345.34,"human",true,23.23,23.2,25.2,"11 Apr 2019 01:23:27 GMT"
"key356","name3",270,345.34,"human",true,23.23,23.2,25.2,"11 Apr 2019 01:23:27 GMT"
"key357","name3",270,345.34,"human",true,23.23,23.2,25.2,"11 Apr 2019 01:23:27 GMT"
"key358","name3",270,345.34,"human",true,23.23,23.2,25.2,"11 Apr 2019 01:23:27 GMT"
"key359","name3",270,345.34,"human",true,23.23,23.2,25.2,"11 Apr 2019 01:23:27 GMT"
"key360","name3",270,345.34,"human",true,23.23,23.2,25.2,"11 Apr 2019 01:23:27 GMT"
"key361","name3",270,345.34,"human",true,23.23,23.2,25.2,"11 Apr 2019 01:23:27 GMT"
"key362","name3",270,345.34,"human",true,23.23,23.2,25.2,"11 Apr 2019 01:23:27 GMT"
"key363","name3",270,345.34,"human",true,23.23,23.2,25.2,"11 Apr 2019 01:23:27 GMT"
"key364","name3",270,345.34,"human",true,23.23,23.2,25.2,"11 Apr 2019 01:23:27 GMT"
"key365","name3",270,345.34,"human",true,23.23,23.2,25.2,"11 Apr 2019 01:23:27 GMT"
"key366","name3",270,345.34,"human",true,23.23,23.2,25.2,"11 Apr 2019 01:23:27 GMT"
"key367","name3",270,345.34,"human",true,23.23,23.2,25.2,"11 Apr 2019 01:23:27 GMT"
"key368","name3",270,345.34,"human",true,23.23,23.2,25.2,"11 Apr 2019 01:23:27 GMT"
"key369","name3",270,345.34,"human",true,23.23,23.2,25.2,"11 Apr 2019 01:23:27 GMT"
"key370","name3",270,345.34,"human",true,23.23,23.2,25.2,"11 Apr 2019 01:23:27 GMT"
"key371","name3",270,345.34,"human",true,23.23,23.2,25.2,"11 Apr 2019 01:23:27 GMT"
"key372","name3",270,345.34,"human",true,23.23,23.2,25.2,"11 Apr 2019 01:23:27 GMT"
"key373","name3",270,345.34,"human",true,23.23,23.2,25.2,"11 Apr 2019 01:23:27 GMT"
"key374","name3",270,345.34,"human",true,23.23,23.2,25.2,"11 Apr 2019 01:23:27 GMT"
"key375","name3",270,345.34,"human",true,23.23,23.2,25.2,"11 Apr 2019 01:23:27 GMT"
"key376","name3",270,345.34,"human",true,23.23,23.2,25.2,"11 Apr 2019 01:23:27 GMT"
"key377","name3",270,345.34,"human",true,23.23,23.2,25.2,"11 Apr 2019 01:23:27 GMT"
"key378","name3",270,345.34,"human",true,23.23,23.2,25.2,"11 Apr 2019 01:23:27 GMT"
"key379","name3",270,345.34,"human",true,23.23,23.2,25.2,"11 Apr 2019 01:23:27 GMT"
"key380","name3",270,345.34,"human",true,23.23,23.2,25.2,"11 Apr 2019 01:23:27 GMT"
"key381","name3",270,345.34,"human",true,23.23,23.2,25.2,"11 Apr 2019 01:23:27 GMT"
"key382","name3",270,345.34,"human",true,23.23,23.2,25.2,"11 Apr 2019 01:23:27 GMT"
"key383","name3",270,345.34,"human",true,23.23,23.2,25.2,"11 Apr 2019 01:23:27 GMT"
"key384","name3",270,345.34,"human",true,23.23,23.2,25.2,"11 Apr 2019 01:23:27 GMT"
"key385","name3",270,345.34,"human",true,23.23,23.2,25.2,"11 Apr 2019 01:23:27 GMT"
"key386","name3",270,345.34,"human",true,23.23,23.2,25.2,"11 Apr 2019 01:23:27 GMT"
"key387","name3",270,345.34,"human",true,23.23,23.2,25.2,"11 Apr 2019 01:23:27 GMT"
"key388","name3",270,345.34,"human",true,23.23,23.2,25.2,"11 Apr 2019 01:23:27 GMT"
"key389","name3",270,345.34,"human",true,23.23,23.2,25.2,"11 Apr 2019 01:23:27 GMT"
"key390","name3",270,345.34,"human",true,23.23,23.2,25.2,"11 Apr 2019 01:23:27 GMT"
"key391","name3",270,345.34,"human",true,23.23,23.2,25.2,"11 Apr 2019 01:23:27 GMT"
"key392","name3",270,345.34,"human",true,23.23,23.2,25.2,"11 Apr 2019 01:23:27 GMT"
"key393","name3",270,345.34,"human",true,23.23,23.2,25.2,"11 Apr 2019 01:23:27 GMT"
"key394","name3",270,345.34,"human",true,23.23,23.2,25.2,"11 Apr 2019 01:23:27 GMT"
"key395","name3",270,345.34,"human",true,23.23,23.2,25.2,"11 Apr 2019 01:23:27 GMT"
"key396","name3",270,345.34,"human",true,23.23,23.2,25.2,"11 Apr 2019 01:23:27 GMT"
"key397","name3",270,345.34,"human",true,23.23,23.2,25.2,"11 Apr 2019 01:23:27 GMT"
"key398","name3",270,345.34,"human",true,23.23,23.2,25.2,"11 Apr 2019 01:23:27 GMT"
"key399","name3",270,345.34,"human",true,23.23,23.2,25.2,"11 Apr 2019 01:23:27 GMT"
"key400","name3",270,345.34,"human",true,23.23,23.2,25.2,"11 Apr 2019 01:23:27 GMT"
"key401","name3",270,345.34,"human",true,23.23,23.2,25.2,"11 Apr 2019 01:23:27 GMT"
"key402","name3",270,345.34,"human",true,23.23,23.2,25.2,"11 Apr 2019 01:23:27 GMT"
"key403","name3",270,345.34,"human",true,23.23,23.2,25.2,"11 Apr 2019 01:23:27 GMT"
"key404","name3",270,345.34,"human",true,23.23,23.2,25.2,"11 Apr 2019 01:23:27 GMT"
"key405","name3",270,345.34,"human",true,23.23,23.2,25.2,"11 Apr 2019 01:23:27 GMT"
"key406","name3",270,345.34,"human",true,23.23,23.2,25.2,"11 Apr 2019 01:23:27 GMT"
"key407","name3",270,345.34,"human",true,23.23,23.2,25.2,"11 Apr 2019 01:23:27 GMT"
"key408","name3",270,345.34,"human",true,23.23,23.2,25.2,"11 Apr 2019 01:23:27 GMT"
"key409","name3",270,345.34,"human",true,23.23,23.2,25.2,"11 Apr 2019 01:23:27 GMT"
"key410","name3",270,345.34,"human",true,23.23,23.2,25.2,"11 Apr 2019 01:23:27 GMT"
"key411","name3",270,345.34,"human",true,23.23,23.2,25.2,"11 Apr 2019 01:23:27 GMT"
"key412","name3",270,345.34,"human",true,23.23,23.2,25.2,"11 Apr 2019 01:23:27 GMT"
"key413","name3",270,345.34,"human",true,23.23,23.2,25.2,"11 Apr 2019 01:23:27 GMT"
"key414","name3",270,345.34,"human",true,23.23,23.2,25.2,"11 Apr 2019 01:23:27 GMT"
"key415","name3",270,345.34,"human",true,23.23,23.2,25.2,"11 Apr 2019 01:23:27 GMT"
"key416","name3",270,345.34,"human",true,23.23,23.2,25.2,"11 Apr 2019 01:23:27 GMT"
"key417","name3",270,345.34,"human",true,23.23,23.2,25.2,"11 Apr 2019 01:23:27 GMT"
"key418","name3",270,345.34,"human",true,23.23,23.2,25.2,"11 Apr 2019 01:23:27 GMT"
"key419","name3",270,345.34,"human",true,23.23,23.2,25.2,"11 Apr 2019 01:23:27 GMT"
"key420","name3",270,345.34,"human",true,23.23,23.2,25.2,"11 Apr 2019 01:23:27 GMT"
"key421","name3",270,345.34,"human",true,23.23,23.2,25.2,"11 Apr 2019 01:23:27 GMT"
"key422","name3",270,345.34,"human",true,23.23,23.2,25.2,"11 Apr 2019 01:23:27 GMT"
"key423","name3",270,345.34,"human",true,23.23,23.2,25.2,"11 Apr 2019 01:23:27 GMT"
"key424","name3",270,345.34,"human",true,23.23,23.2,25.2,"11 Apr 2019 01:23:27 GMT"
"key425","name3",270,345.34,"human",true,23.23,23.2,25.2,"11 Apr 2019 01:23:27 GMT"
"key426","name3",270,345.34,"human",true,23.23,23.2,25.2,"11 Apr 2019 01:23:27 GMT"
"key427","name3",270,345.34,"human",true,23.23,23.2,25.2,"11 Apr 2019 01:23:27 GMT"
"key428","name3",270,345.34,"human",true,23.23,23.2,25.2,"11 Apr 2019 01:23:27 GMT"
"key429","name3",270,345.34,"human",true,23.23,23.2,25.2,"11 Apr 2019 01:23:27 GMT"
"key430","name3",270,345.34,"human",true,23.23,23.2,25.2,"11 Apr 2019 01:23:27 GMT"
"key431","name3",270,345.34,"human",true,23.23,23.2,25.2,"11 Apr 2019 01:23:27 GMT"
"key432","name3",270,345.34,"human",true,23.23,23.2,25.2,"11 Apr 2019 01:23:27 GMT"
"key433","name3",270,345.34,"human",true,23.23,23.2,25.2,"11 Apr 2019 01:23:27 GMT"
"key434","name3",270,345.34,"human",true,23.23,23.2,25.2,"11 Apr 2019 01:23:27 GMT"
"key435","name3",270,345.34,"human",true,23.23,23.2,25.2,"11 Apr 2019 01:23:27 GMT"
"key436","name3",270,345.34,"human",true,23.23,23.2,25.2,"11 Apr 2019 01:23:27 GMT"
"key437","name3",270,345.34,"human",true,23.23,23.2,25.2,"11 Apr 2019 01:23:27 GMT"
"key438","name3",270,345.34,"human",true,23.23,23.2,25.2,"11 Apr 2019 01:23:27 GMT"
"key439","name3",270,345.34,"human",true,23.23,23.2,25.2,"11 Apr 2019 01:23:27 GMT"
"key440","name3",270,345.34,"human",true,23.23,23.2,25.2,"11 Apr 2019 01:23:27 GMT"
"key441","name3",270,345.34,"human",true,23.23,23.2,25.2,"11 Apr 2019 01:23:27 GMT"
"key442","name3",270,345.34,"human",true,23.23,23.2,25.2,"11 Apr 2019 01:23:27 GMT"
"key443","name3",270,345.34,"human",true,23.23,23.2,25.2,"11 Apr 2019 01:23:27 GMT"
"key444","name3",270,345.34,"human",true,23.23,23.2,25.2,"11 Apr 2019 01:23:27 GMT"
"key445","name3",270,345.34,"human",true,23.23,23.2,25.2,"11 Apr 2019 01:23:27 GMT"
"key446","name3",270,345.34,"human",true,23.23,23.2,25.2,"11 Apr 2019 01:23:27 GMT"
"key447","name3",270,345.34,"human",true,23.23,23.2,25.2,"11 Apr 2019 01:23:27 GMT"
"key448","name3",270,345.34,"human",true,23.23,23.2,25.2,"11 Apr 2019 01:23:27 GMT"
"key449","name3",270,345.34,"human",true,23.23,23.2,25.2,"11 Apr 2019 01:23:27 GMT"
"key450","name3",270,345.34,"human",true,23.23,23.2,25.2,"11 Apr 2019 01:23:27 GMT"
"key451","name3",270,345.34,"human",true,23.23,23.2,25.2,"11 Apr 2019 01:23:27 GMT"
"key452","name3",270,345.34,"human",true,23.23,23.2,25.2,"11 Apr 2019 01:23:27 GMT"
"key453","name3",270,345.34,"human",true,23.23,23.2,25.2,"11 Apr 2019 01:23:27 GMT"
"key454","name3",270,345.34,"human",true,23.23,23.2,25.2,"11 Apr 2019 01:23:27 GMT"
"key455","name3",270,345.34,"human",true,23.23,23.2,25.2,"11 Apr 2019 01:23:27 GMT"
"key456","name3",270,345.34,"human",true,23.23,23.2,25.2,"11 Apr 2019 01:23:27 GMT"
"key457","name3",270,345.34,"human",true,23.23,23.2,25.2,"11 Apr 2019 01:23:27 GMT"
"key458","name3",270,345.34,"human",true,23.23,23.2,25.2,"11 Apr 2019 01:23:27 GMT"
"key459","name3",270,345.34,"human",true,23.23,23.2,25.2,"11 Apr 2019 01:23:27 GMT"
"key460","name3",270,345.34,"human",true,23.23,23.2,25.2,"11 Apr 2019 01:23:27 GMT"
"key461","name3",270,345.34,"human",true,23.23,23.2,25.2,"11 Apr 2019 01:23:27 GMT"
"key462","name3",270,345.34,"human",true,23.23,23.2,25.2,"11 Apr 2019 01:23:27 GMT"
"key463","name3",270,345.34,"human",true,23.23,23.2,25.2,"11 Apr 2019 01:23:27 GMT"
"key464","name3",270,345.34,"human",true,23.23,23.2,25.2,"11 Apr 2019 01:23:27 GMT"
"key465","name3",270,345.34,"human",true,23.23,23.2,25.2,"11 Apr 2019 01:23:27 GMT"
"key466","name3",270,345.34,"human",true,23.23,23.2,25.2,"11 Apr 2019 01:23:27 GMT"
"key467","name3",270,345.34,"human",true,23.23,23.2,25.2,"11 Apr 2019 01:23:27 GMT"
"key468","name3",270,345.34,"human",true,23.23,23.2,25.2,"11 Apr 2019 01:23:27 GMT"
"key469","name3",270,345.34,"human",true,23.23,23.2,25.2,"11 Apr 2019 01:23:27 GMT"
"key470","name3",270,345.34,"human",true,23.23,23.2,25.2,"11 Apr 2019 01:23:27 GMT"
"key471","name3",270,345.34,"human",true,23.23,23.2,25.2,"11 Apr 2019 01:23:27 GMT"
"key472","name3",270,345.34,"human",true,23.23,23.2,25.2,"11 Apr 2019 01:23:27 GMT"
"key473","name3",270,345.34,"human",true,23.23,23.2,25.2,"11 Apr 2019 01:23:27 GMT"
"key474","name3",270,345.34,"human",true,23.23,23.2,25.2,"11 Apr 2019 01:23:27 GMT"
"key475","name3",270,345.34,"human",true,23.23,23.2,25.2,"11 Apr 2019 01:23:27 GMT"
"key476","name3",270,345.34,"human",true,23.23,23.2,25.2,"11 Apr 2019 01:23:27 GMT"
"key477","name3",270,345.34,"human",true,23.23,23.2,25.2,"11 Apr 2019 01:23:27 GMT"
"key478","name3",270,345.34,"human",true,23.23,23.2,25.2,"11 Apr 2019 01:23:27 GMT"
"key479","name3",270,345.34,"human",true,23.23,23.2,25.2,"11 Apr 2019 01:23:27 GMT"
"key480","name3",270,345.34,"human",true,23.23,23.2,25.2,"11 Apr 2019 01:23:27 GMT"
"key481","name3",270,345.34,"human",true,23.23,23.2,25.2,"11 Apr 2019 01:23:27 GMT"
"key482","name3",270,345.34,"human",true,23.23,23.2,25.2,"11 Apr 2019 01:23:27 GMT"
"key483","name3",270,345.34,"human",true,23.23,23.2,25.2,"11 Apr 2019 01:23:27 GMT"
"key484","name3",270,345.34,"human",true,23.23,23.2,25.2,"11 Apr 2019 01:23:27 GMT"
"key485","name3",270,345.34,"human",true,23.23,23.2,25.2,"11 Apr 2019 01:23:27 GMT"
"key486","name3",270,345.34,"human",true,23.23,23.2,25.2,"11 Apr 2019 01:23:27 GMT"
"key487","name3",270,345.34,"human",true,23.23,23.2,25.2,"11 Apr 2019 01:23:27 GMT"
"key488","name3",270,345.34,"human",true,23.23,23.2,25.2,"11 Apr 2019 01:23:27 GMT"
"key489","name3",270,345.34,"human",true,23.23,23.2,25.2,"11 Apr 2019 01:23:27 GMT"
"key490","name3",270,345.34,"human",true,23.23,23.2,25.2,"11 Apr 2019 01:23:27 GMT"
"key491","name3",270,345.34,"human",true,23.23,23.2,25.2,"11 Apr 2019 01:23:27 GMT"
"key492","name3",270,345.34,"human",true,23.23,23.2,25.2,"11 Apr 2019 01:23:27 GMT"
"key493","name3",270,345.34,"human",true,23.23,23.2,25.2,"11 Apr 2019 01:23:27 GMT"
"key494","name3",270,345.34,"human",true,23.23,23.2,25.2,"11 Apr 2019 01:23:27 GMT"
"key495","name3",270,345.34,"human",true,23.23,23.2,25.2,"11 Apr 2019 01:23:27 GMT"
"key496","name3",270,345.34,"human",true,23.23,23.2,25.2,"11 Apr 2019 01:23:27 GMT"
"key497","name3",270,345.34,"human",true,23.23,23.2,25.2,"11 Apr 2019 01:23:27 GMT"
"key498","name3",270,345.34,"human",true,23.23,23.2,25.2,"11 Apr 2019 01:23:27 GMT"
"key499","name3",270,345.34,"human",true,23.23,23.2,25.2,"11 Apr 2019 01:23:27 GMT"
"key500","name3",270,345.34,"human",true,23.23,23.2,25.2,"11 Apr 2019 01:23:27 GMT"
"key501","name3",270,345.34,"human",true,23.23,23.2,25.2,"11 Apr 2019 01:23:27 GMT"
"key502","name3",270,345.34,"human",true,23.23,23.2,25.2,"11 Apr 2019 01:23:27 GMT"
"key503","name3",270,345.34,"human",true,23.23,23.2,25.2,"11 Apr 2019 01:23:27 GMT"
"key504","name3",270,345.34,"human",true,23.23,23.2,25.2,"11 Apr 2019 01:23:27 GMT"
"key505","name3",270,345.34,"human",true,23.23,23.2,25.2,"11 Apr 2019 01:23:27 GMT"
"key506","name3",270,345.34,"human",true,23.23,23.2,25.2,"11 Apr 2019 01:23:27 GMT"
"key507","name3",270,345.34,"human",true,23.23,23.2,25.2,"11 Apr 2019 01:23:27 GMT"
"key508","name3",270,345.34,"human",true,23.23,23.2,25.2,"11 Apr 2019 01:23:27 GMT"
"key509","name3",270,345.34,"human",true,23.23,23.2,25.2,"11 Apr 2019 01:23:27 GMT"
"key510","name3",270,345.34,"human",true,23.23,23.2,25.2,"11 Apr 2019 01:23:27 GMT"
"key511","name3",270,345.34,"human",true,23.23,23.2,25.2,"11 Apr 2019 01:23:27 GMT"
"key512","name3",270,345.34,"human",true,23.23,23.2,25.2,"11 Apr 2019 01:23:27 GMT"
"key513","name3",270,345.34,"human",true,23.23,23.2,25.2,"11 Apr 2019 01:23:27 GMT"
"key514","name3",270,345.34,"human",true,23.23,23.2,25.2,"11 Apr 2019 01:23:27 GMT"
"key515","name3",270,345.34,"human",true,23.23,23.2,25.2,"11 Apr 2019 01:23:27 GMT"
"key516","name3",270,345.34,"human",true,23.23,23.2,25.2,"11 Apr 2019 01:23:27 GMT"
"key517","name3",270,345.34,"human",true,23.23,23.2,25.2,"11 Apr 2019 01:23:27 GMT"
"key518","name3",270,345.34,"human",true,23.23,23.2,25.2,"11 Apr 2019 01:23:27 GMT"
"key519","name3",270,345.34,"human",true,23.23,23.2,25.2,"11 Apr 2019 01:23:27 GMT"
"key520","name3",270,345.34,"human",true,23.23,23.2,25.2,"11 Apr 2019 01:23:27 GMT"
"key521","name3",270,345.34,"human",true,23.23,23.2,25.2,"11 Apr 2019 01:23:27 GMT"
"key522","name3",270,345.34,"human",true,23.23,23.2,25.2,"11 Apr 2019 01:23:27 GMT"
"key523","name3",270,345.34,"human",true,23.23,23.2,25.2,"11 Apr 2019 01:23:27 GMT"
"key524","name3",270,345.34,"human",true,23.23,23.2,25.2,"11 Apr 2019 01:23:27 GMT"
"key525","name3",270,345.34,"human",true,23.23,23.2,25.2,"11 Apr 2019 01:23:27 GMT"
"key526","name3",270,345.34,"human",true,23.23,23.2,25.2,"11 Apr 2019 01:23:27 GMT"
"key527","name3",270,345.34,"human",true,23.23,23.2,25.2,"11 Apr 2019 01:23:27 GMT"
"key528","name3",270,345.34,"human",true,23.23,23.2,25.2,"11 Apr 2019 01:23:27 GMT"
"key529","name3",270,345.34,"human",true,23.23,23.2,25.2,"11 Apr 2019 01:23:27 GMT"
"key530","name3",270,345.34,"human",true,23.23,23.2,25.2,"11 Apr 2019 01:23:27 GMT"
"key531","name3",270,345.34,"human",true,23.23,23.2,25.2,"11 Apr 2019 01:23:27 GMT"
"key532","name3",270,345.34,"human",true,23.23,23.2,25.2,"11 Apr 2019 01:23:27 GMT"
"key533","name3",270,345.34,"human",true,23.23,23.2,25.2,"11 Apr 2019 01:23:27 GMT"
"key534","name3",270,345.34,"human",true,23.23,23.2,25.2,"11 Apr 2019 01:23:27 GMT"
"key535","name3",270,345.34,"human",true,23.23,23.2,25.2,"11 Apr 2019 01:23:27 GMT"
"key536","name3",270,345.34,"human",true,23.23,23.2,25.2,"11 Apr 2019 01:23:27 GMT"
"key537","name3",270,345.34,"human",true,23.23,23.2,25.2,"11 Apr 2019 01:23:27 GMT"
"key538","name3",270,345.34,"human",true,23.23,23.2,25.2,"11 Apr 2019 01:23:27 GMT"
"key539","name3",270,345.34,"human",true,23.23,23.2,25.2,"11 Apr 2019 01:23:27 GMT"
"key540","name3",270,345.34,"human",true,23.23,23.2,25.2,"11 Apr 2019 01:23:27 GMT"
"key541","name3",270,345.34,"human",true,23.23,23.2,25.2,"11 Apr 2019 01:23:27 GMT"
"key542","name3",270,345.34,"human",true,23.23,23.2,25.2,"11 Apr 2019 01:23:27 GMT"
"key543","name3",270,345.34,"human",true,23.23,23.2,25.2,"11 Apr 2019 01:23:27 GMT"
"key544","name3",270,345.34,"human",true,23.23,23.2,25.2,"11 Apr 2019 01:23:27 GMT"
"key545","name3",270,345.34,"human",true,23.23,23.2,25.2,"11 Apr 2019 01:23:27 GMT"
"key546","name3",270,345.34,"human",true,23.23,23.2,25.2,"11 Apr 2019 01:23:27 GMT"
"key547","name3",270,345.34,"human",true,23.23,23.2,25.2,"11 Apr 2019 01:23:27 GMT"
"key548","name3",270,345.34,"human",true,23.23,23.2,25.2,"11 Apr 2019 01:23:27 GMT"
"key549","name3",270,345.34,"human",true,23.23,23.2,25.2,"11 Apr 2019 01:23:27 GMT"
"key550","name3",270,345.34,"human",true,23.23,23.2,25.2,"11 Apr 2019 01:23:27 GMT"
"key551","name3",270,345.34,"human",true,23.23,23.2,25.2,"11 Apr 2019 01:23:27 GMT"
"key552","name3",270,345.34,"human",true,23.23,23.2,25.2,"11 Apr 2019 01:23:27 GMT"
"key553","name3",270,345.34,"human",true,23.23,23.2,25.2,"11 Apr 2019 01:23:27 GMT"
"key554","name3",270,345.34,"human",true,23.23,23.2,25.2,"11 Apr 2019 01:23:27 GMT"
"key555","name3",270,345.34,"human",true,23.23,23.2,25.2,"11 Apr 2019 01:23:27 GMT"
"key556","name3",270,345.34,"human",true,23.23,23.2,25.2,"11 Apr 2019 01:23:27 GMT"
"key557","name3",270,345.34,"human",true,23.23,23.2,25.2,"11 Apr 2019 01:23:27 GMT"
"key558","name3",270,345.34,"human",true,23.23,23.2,25.2,"11 Apr 2019 01:23:27 GMT"
"key559","name3",270,345.34,"human",true,23.23,23.2,25.2,"11 Apr 2019 01:23:27 GMT"
"key560","name3",270,345.34,"human",true,23.23,23.2,25.2,"11 Apr 2019 01:23:27 GMT"
"key561","name3",270,345.34,"human",true,23.23,23.2,25.2,"11 Apr 2019 01:23:27 GMT"
"key562","name3",270,345.34,"human",true,23.23,23.2,25.2,"11 Apr 2019 01:23:27 GMT"
"key563","name3",270,345.34,"human",true,23.23,23.2,25.2,"11 Apr 2019 01:23:27 GMT"
"key564","name3",270,345.34,"human",true,23.23,23.2,25.2,"11 Apr 2019 01:23:27 GMT"
"key565","name3",270,345.34,"human",true,23.23,23.2,25.2,"11 Apr 2019 01:23:27 GMT"
"key566","name3",270,345.34,"human",true,23.23,23.2,25.2,"11 Apr 2019 01:23:27 GMT"
"key567","name3",270,345.34,"human",true,23.23,23.2,25.2,"11 Apr 2019 01:23:27 GMT"
"key568","name3",270,345.34,"human",true,23.23,23.2,25.2,"11 Apr 2019 01:23:27 GMT"
"key569","name3",270,345.34,"human",true,23.23,23.2,25.2,"11 Apr 2019 01:23:27 GMT"
"key570","name3",270,345.34,"human",true,23.23,23.2,25.2,"11 Apr 2019 01:23:27 GMT"
"key571","name3",270,345.34,"human",true,23.23,23.2,25.2,"11 Apr 2019 01:23:27 GMT"
"key572","name3",270,345.34,"human",true,23.23,23.2,25.2,"11 Apr 2019 01:23:27 GMT"
"key573","name3",270,345.34,"human",true,23.23,23.2,25.2,"11 Apr 2019 01:23:27 GMT"
"key574","name3",270,345.34,"human",true,23.23,23.2,25.2,"11 Apr 2019 01:23:27 GMT"
"key575","name3",270,345.34,"human",true,23.23,23.2,25.2,"11 Apr 2019 01:23:27 GMT"
"key576","name3",270,345.34,"human",true,23.23,23.2,25.2,"11 Apr 2019 01:23:27 GMT"
"key577","name3",270,345.34,"human",true,23.23,23.2,25.2,"11 Apr 2019 01:23:27 GMT"
"key578","name3",270,345.34,"human",true,23.23,23.2,25.2,"11 Apr 2019 01:23:27 GMT"
"key579","name3",270,345.34,"human",true,23.23,23.2,25.2,"11 Apr 2019 01:23:27 GMT"
"key580","name3",270,345.34,"human",true,23.23,23.2,25.2,"11 Apr 2019 01:23:27 GMT"
"key581","name3",270,345.34,"human",true,23.23,23.2,25.2,"11 Apr 2019 01:23:27 GMT"
"key582","name3",270,345.34,"human",true,23.23,23.2,25.2,"11 Apr 2019 01:23:27 GMT"
"key583","name3",270,345.34,"human",true,23.23,23.2,25.2,"11 Apr 2019 01:23:27 GMT"
"key584","name3",270,345.34,"human",true,23.23,23.2,25.2,"11 Apr 2019 01:23:27 GMT"
"key585","name3",270,345.34,"human",true,23.23,23.2,25.2,"11 Apr 2019 01:23:27 GMT"
"key586","name3",270,345.34,"human",true,23.23,23.2,25.2,"11 Apr 2019 01:23:27 GMT"
"key587","name3",270,345.34,"human",true,23.23,23.2,25.2,"11 Apr 2019 01:23:27 GMT"
"key588","name3",270,345.34,"human",true,23.23,23.2,25.2,"11 Apr 2019 01:23:27 GMT"
"key589","name3",270,345.34,"human",true,23.23,23.2,25.2,"11 Apr 2019 01:23:27 GMT"
"key590","name3",270,345.34,"human",true,23.23,23.2,25.2,"11 Apr 2019 01:23:27 GMT"
"key591","name3",270,345.34,"human",true,23.23,23.2,25.2,"11 Apr 2019 01:23:27 GMT"
"key592","name3",270,345.34,"human",true,23.23,23.2,25.2,"11 Apr 2019 01:23:27 GMT"
"key593","name3",270,345.34,"human",true,23.23,23.2,25.2,"11 Apr 2019 01:23:27 GMT"
"key594","name3",270,345.34,"human",true,23.23,23.2,25.2,"11 Apr 2019 01:23:27 GMT"
"key595","name3",270,345.34,"human",true,23.23,23.2,25.2,"11 Apr 2019 01:23:27 GMT"
"key596","name3",270,345.34,"human",true,23.23,23.2,25.2,"11 Apr 2019 01:23:27 GMT"
"key597","name3",270,345.34,"human",true,23.23,23.2,25.2,"11 Apr 2019 01:23:27 GMT"
"key598","name3",270,345.34,"human",true,23.23,23.2,25.2,"11 Apr 2019 01:23:27 GMT"
"key599","name3",270,345.34,"human",true,23.23,23.2,25.2,"11 Apr 2019 01:23:27 GMT"
"key600","name3",270,345.34,"human",true,23.23,23.2,25.2,"11 Apr 2019 01:23:27 GMT"
"key601","name3",270,345.34,"human",true,23.23,23.2,25.2,"11 Apr 2019 01:23:27 GMT"
"key602","name3",270,345.34,"human",true,23.23,23.2,25.2,"11 Apr 2019 01:23:27 GMT"
"key603","name3",270,345.34,"human",true,23.23,23.2,25.2,"11 Apr 2019 01:23:27 GMT"
"key604","name3",270,345.34,"human",true,23.23,23.2,25.2,"11 Apr 2019 01:23:27 GMT"
"key605","name3",270,345.34,"human",true,23.23,23.2,25.2,"11 Apr 2019 01:23:27 GMT"
"key606","name3",270,345.34,"human",true,23.23,23.2,25.2,"11 Apr 2019 01:23:27 GMT"
"key607","name3",270,345.34,"human",true,23.23,23.2,25.2,"11 Apr 2019 01:23:27 GMT"
"key608","name3",270,345.34,"human",true,23.23,23.2,25.2,"11 Apr 2019 01:23:27 GMT"
"key609","name3",270,345.34,"human",true,23.23,23.2,25.2,"11 Apr 2019 01:23:27 GMT"
"key610","name3",270,345.34,"human",true,23.23,23.2,25.2,"11 Apr 2019 01:23:27 GMT"
"key611","name3",270,345.34,"human",true,23.23,23.2,25.2,"11 Apr 2019 01:23:27 GMT"
"key612","name3",270,345.34,"human",true,23.23,23.2,25.2,"11 Apr 2019 01:23:27 GMT"
"key613","name3",270,345.34,"human",true,23.23,23.2,25.2,"11 Apr 2019 01:23:27 GMT"
"key614","name3",270,345.34,"human",true,23.23,23.2,25.2,"11 Apr 2019 01:23:27 GMT"
"key615","name3",270,345.34,"human",true,23.23,23.2,25.2,"11 Apr 2019 01:23:27 GMT"
"key616","name3",270,345.34,"human",true,23.23,23.2,25.2,"11 Apr 2019 01:23:27 GMT"
"key617","name3",270,345.34,"human",true,23.23,23.2,25.2,"11 Apr 2019 01:23:27 GMT"
"key618","name3",270,345.34,"human",true,23.23,23.2,25.2,"11 Apr 2019 01:23:27 GMT"
"key619","name3",270,345.34,"human",true,23.23,23.2,25.2,"11 Apr 2019 01:23:27 GMT"
"key620","name3",270,345.34,"human",true,23.23,23.2,25.2,"11 Apr 2019 01:23:27 GMT"
"key621","name3",270,345.34,"human",true,23.23,23.2,25.2,"11 Apr 2019 01:23:27 GMT"
"key622","name3",270,345.34,"human",true,23.23,23.2,25.2,"11 Apr 2019 01:23:27 GMT"
"key623","name3",270,345.34,"human",true,23.23,23.2,25.2,"11 Apr 2019 01:23:27 GMT"
"key624","name3",270,345.34,"human",true,23.23,23.2,25.2,"11 Apr 2019 01:23:27 GMT"
"key625","name3",270,345.34,"human",true,23.23,23.2,25.2,"11 Apr 2019 01:23:27 GMT"
"key626","name3",270,345.34,"human",true,23.23,23.2,25.2,"11 Apr 2019 01:23:27 GMT"
"key627","name3",270,345.34,"human",true,23.23,23.2,25.2,"11 Apr 2019 01:23:27 GMT"
"key628","name3",270,345.34,"human",true,23.23,23.2,25.2,"11 Apr 2019 01:23:27 GMT"
"key629","name3",270,345.34,"human",true,23.23,23.2,25.2,"11 Apr 2019 01:23:27 GMT"
"key630","name3",270,345.34,"human",true,23.23,23.2,25.2,"11 Apr 2019 01:23:27 GMT"
"key631","name3",270,345.34,"human",true,23.23,23.2,25.2,"11 Apr 2019 01:23:27 GMT"
"key632","name3",270,345.34,"human",true,23.23,23.2,25.2,"11 Apr 2019 01:23:27 GMT"
"key633","name3",270,345.34,"human",true,23.23,23.2,25.2,"11 Apr 2019 01:23:27 GMT"
"key634","name3",270,345.34,"human",true,23.23,23.2,25.2,"11 Apr 2019 01:23:27 GMT"
"key635","name3",270,345.34,"human",true,23.23,23.2,25.2,"11 Apr 2019 01:23:27 GMT"
"key636","name3",270,345.34,"human",true,23.23,23.2,25.2,"11 Apr 2019 01:23:27 GMT"
"key637","name3",270,345.34,"human",true,23.23,23.2,25.2,"11 Apr 2019 01:23:27 GMT"
"key638","name3",270,345.34,"human",true,23.23,23.2,25.2,"11 Apr 2019 01:23:27 GMT"
"key639","name3",270,345.34,"human",true,23.23,23.2,25.2,"11 Apr 2019 01:23:27 GMT"
"key640","name3",270,345.34,"human",true,23.23,23.2,25.2,"11 Apr 2019 01:23:27 GMT"
"key641","name3",270,345.34,"human",true,23.23,23.2,25.2,"11 Apr 2019 01:23:27 GMT"
"key642","name3",270,345.34,"human",true,23.23,23.2,25.2,"11 Apr 2019 01:23:27 GMT"
"key643","name3",270,345.34,"human",true,23.23,23.2,25.2,"11 Apr 2019 01:23:27 GMT"
"key644","name3",270,345.34,"human",true,23.23,23.2,25.2,"11 Apr 2019 01:23:27 GMT"
"key645","name3",270,345.34,"human",true,23.23,23.2,25.2,"11 Apr 2019 01:23:27 GMT"
"key646","name3",270,345.34,"human",true,23.23,23.2,25.2,"11 Apr 2019 01:23:27 GMT"
"key647","name3",270,345.34,"human",true,23.23,23.2,25.2,"11 Apr 2019 01:23:27 GMT"
"key648","name3",270,345.34,"human",true,23.23,23.2,25.2,"11 Apr 2019 01:23:27 GMT"
"key649","name3",270,345.34,"human",true,23.23,23.2,25.2,"11 Apr 2019 01:23:27 GMT"
"key650","name3",270,345.34,"human",true,23.23,23.2,25.2,"11 Apr 2019 01:23:27 GMT"
"key651","name3",270,345.34,"human",true,23.23,23.2,25.2,"11 Apr 2019 01:23:27 GMT"
"key652","name3",270,345.34,"human",true,23.23,23.2,25.2,"11 Apr 2019 01:23:27 GMT"
"key653","name3",270,345.34,"human",true,23.23,23.2,25.2,"11 Apr 2019 01:23:27 GMT"
"key654","name3",270,345.34,"human",true,23.23,23.2,25.2,"11 Apr 2019 01:23:27 GMT"
"key655","name3",270,345.34,"human",true,23.23,23.2,25.2,"11 Apr 2019 01:23:27 GMT"
"key656","name3",270,345.34,"human",true,23.23,23.2,25.2,"11 Apr 2019 01:23:27 GMT"
"key657","name3",270,345.34,"human",true,23.23,23.2,25.2,"11 Apr 2019 01:23:27 GMT"
"key658","name3",270,345.34,"human",true,23.23,23.2,25.2,"11 Apr 2019 01:23:27 GMT"
"key659","name3",270,345.34,"human",true,23.23,23.2,25.2,"11 Apr 2019 01:23:27 GMT"
"key660","name3",270,345.34,"human",true,23.23,23.2,25.2,"11 Apr 2019 01:23:27 GMT"
"key661","name3",270,345.34,"human",true,23.23,23.2,25.2,"11 Apr 2019 01:23:27 GMT"
"key662","name3",270,345.34,"human",true,23.23,23.2,25.2,"11 Apr 2019 01:23:27 GMT"
"key663","name3",270,345.34,"human",true,23.23,23.2,25.2,"11 Apr 2019 01:23:27 GMT"
"key664","name3",270,345.34,"human",true,23.23,23.2,25.2,"11 Apr 2019 01:23:27 GMT"
"key665","name3",270,345.34,"human",true,23.23,23.2,25.2,"11 Apr 2019 01:23:27 GMT"
"key666","name3",270,345.34,"human",true,23.23,23.2,25.2,"11 Apr 2019 01:23:27 GMT"
"key667","name3",270,345.34,"human",true,23.23,23.2,25.2,"11 Apr 2019 01:23:27 GMT"
"key668","name3",270,345.34,"human",true,23.23,23.2,25.2,"11 Apr 2019 01:23:27 GMT"
"key669","name3",270,345.34,"human",true,23.23,23.2,25.2,"11 Apr 2019 01:23:27 GMT"
"key670","name3",270,345.34,"human",true,23.23,23.2,25.2,"11 Apr 2019 01:23:27 GMT"
"key671","name3",270,345.34,"human",true,23.23,23.2,25.2,"11 Apr 2019 01:23:27 GMT"
"key672","name3",270,345.34,"human",true,23.23,23.2,25.2,"11 Apr 2019 01:23:27 GMT"
"key673","name3",270,345.34,"human",true,23.23,23.2,25.2,"11 Apr 2019 01:23:27 GMT"
"key674","name3",270,345.34,"human",true,23.23,23.2,25.2,"11 Apr 2019 01:23:27 GMT"
"key675","name3",270,345.34,"human",true,23.23,23.2,25.2,"11 Apr 2019 01:23:27 GMT"
"key676","name3",270,345.34,"human",true,23.23,23.2,25.2,"11 Apr 2019 01:23:27 GMT"
"key677","name3",270,345.34,"human",true,23.23,23.2,25.2,"11 Apr 2019 01:23:27 GMT"
"key678","name3",270,345.34,"human",true,23.23,23.2,25.2,"11 Apr 2019 01:23:27 GMT"
"key679","name3",270,345.34,"human",true,23.23,23.2,25.2,"11 Apr 2019 01:23:27 GMT"
"key680","name3",270,345.34,"human",true,23.23,23.2,25.2,"11 Apr 2019 01:23:27 GMT"
"key681","name3",270,345.34,"human",true,23.23,23.2,25.2,"11 Apr 2019 01:23:27 GMT"
"key682","name3",270,345.34,"human",true,23.23,23.2,25.2,"11 Apr 2019 01:23:27 GMT"
"key683","name3",270,345.34,"human",true,23.23,23.2,25.2,"11 Apr 2019 01:23:27 GMT"
"key684","name3",270,345.34,"human",true,23.23,23.2,25.2,"11 Apr 2019 01:23:27 GMT"
"key685","name3",270,345.34,"human",true,23.23,23.2,25.2,"11 Apr 2019 01:23:27 GMT"
"key686","name3",270,345.34,"human",true,23.23,23.2,25.2,"11 Apr 2019 01:23:27 GMT"
"key687","name3",270,345.34,"human",true,23.23,23.2,25.2,"11 Apr 2019 01:23:27 GMT"
"key688","name3",270,345.34,"human",true,23.23,23.2,25.2,"11 Apr 2019 01:23:27 GMT"
"key689","name3",270,345.34,"human",true,23.23,23.2,25.2,"11 Apr 2019 01:23:27 GMT"
"key690","name3",270,345.34,"human",true,23.23,23.2,25.2,"11 Apr 2019 01:23:27 GMT"
"key691","name3",270,345.34,"human",true,23.23,23.2,25.2,"11 Apr 2019 01:23:27 GMT"
"key692","name3",270,345.34,"human",true,23.23,23.2,25.2,"11 Apr 2019 01:23:27 GMT"
"key693","name3",270,345.34,"human",true,23.23,23.2,25.2,"11 Apr 2019 01:23:27 GMT"
"key694","name3",270,345.34,"human",true,23.23,23.2,25.2,"11 Apr 2019 01:23:27 GMT"
"key695","name3",270,345.34,"human",true,23.23,23.2,25.2,"11 Apr 2019 01:23:27 GMT"
"key696","name3",270,345.34,"human",true,23.23,23.2,25.2,"11 Apr 2019 01:23:27 GMT"
"key697","name3",270,345.34,"human",true,23.23,23.2,25.2,"11 Apr 2019 01:23:27 GMT"
"key698","name3",270,345.34,"human",true,23.23,23.2,25.2,"11 Apr 2019 01:23:27 GMT"
"key699","name3",270,345.34,"human",true,23.23,23.2,25.2,"11 Apr 2019 01:23:27 GMT"
"key700","name3",270,345.34,"human",true,23.23,23.2,25.2,"11 Apr 2019 01:23:27 GMT"
"key701","name3",270,345.34,"human",true,23.23,23.2,25.2,"11 Apr 2019 01:23:27 GMT"
"key702","name3",270,345.34,"human",true,23.23,23.2,25.2,"11 Apr 2019 01:23:27 GMT"
"key703","name3",270,345.34,"human",true,23.23,23.2,25.2,"11 Apr 2019 01:23:27 GMT"
"key704","name3",270,345.34,"human",true,23.23,23.2,25.2,"11 Apr 2019 01:23:27 GMT"
"key705","name3",270,345.34,"human",true,23.23,23.2,25.2,"11 Apr 2019 01:23:27 GMT"
"key706","name3",270,345.34,"human",true,23.23,23.2,25.2,"11 Apr 2019 01:23:27 GMT"
"key707","name3",270,345.34,"human",true,23.23,23.2,25.2,"11 Apr 2019 01:23:27 GMT"
"key708","name3",270,345.34,"human",true,23.23,23.2,25.2,"11 Apr 2019 01:23:27 GMT"
"key709","name3",270,345.34,"human",true,23.23,23.2,25.2,"11 Apr 2019 01:23:27 GMT"
"key710","name3",270,345.34,"human",true,23.23,23.2,25.2,"11 Apr 2019 01:23:27 GMT"
"key711","name3",270,345.34,"human",true,23.23,23.2,25.2,"11 Apr 2019 01:23:27 GMT"
"key712","name3",270,345.34,"human",true,23.23,23.2,25.2,"11 Apr 2019 01:23:27 GMT"
"key713","name3",270,345.34,"human",true,23.23,23.2,25.2,"11 Apr 2019 01:23:27 GMT"
"key714","name3",270,345.34,"human",true,23.23,23.2,25.2,"11 Apr 2019 01:23:27 GMT"
"key715","name3",270,345.34,"human",true,23.23,23.2,25.2,"11 Apr 2019 01:23:27 GMT"
"key716","name3",270,345.34,"human",true,23.23,23.2,25.2,"11 Apr 2019 01:23:27 GMT"
"key717","name3",270,345.34,"human",true,23.23,23.2,25.2,"11 Apr 2019 01:23:27 GMT"
"key718","name3",270,345.34,"human",true,23.23,23.2,25.2,"11 Apr 2019 01:23:27 GMT"
"key719","name3",270,345.34,"human",true,23.23,23.2,25.2,"11 Apr 2019 01:23:27 GMT"
"key720","name3",270,345.34,"human",true,23.23,23.2,25.2,"11 Apr 2019 01:23:27 GMT"
"key721","name3",270,345.34,"human",true,23.23,23.2,25.2,"11 Apr 2019 01:23:27 GMT"
"key722","name3",270,345.34,"human",true,23.23,23.2,25.2,"11 Apr 2019 01:23:27 GMT"
"key723","name3",270,345.34,"human",true,23.23,23.2,25.2,"11 Apr 2019 01:23:27 GMT"
"key724","name3",270,345.34,"human",true,23.23,23.2,25.2,"11 Apr 2019 01:23:27 GMT"
"key725","name3",270,345.34,"human",true,23.23,23.2,25.2,"11 Apr 2019 01:23:27 GMT"
"key726","name3",270,345.34,"human",true,23.23,23.2,25.2,"11 Apr 2019 01:23:27 GMT"
"key727","name3",270,345.34,"human",true,23.23,23.2,25.2,"11 Apr 2019 01:23:27 GMT"
"key728","name3",270,345.34,"human",true,23.23,23.2,25.2,"11 Apr 2019 01:23:27 GMT"
"key729","name3",270,345.34,"human",true,23.23,23.2,25.2,"11 Apr 2019 01:23:27 GMT"
"key730","name3",270,345.34,"human",true,23.23,23.2,25.2,"11 Apr 2019 01:23:27 GMT"
"key731","name3",270,345.34,"human",true,23.23,23.2,25.2,"11 Apr 2019 01:23:27 GMT"
"key732","name3",270,345.34,"human",true,23.23,23.2,25.2,"11 Apr 2019 01:23:27 GMT"
"key733","name3",270,345.34,"human",true,23.23,23.2,25.2,"11 Apr 2019 01:23:27 GMT"
"key734","name3",270,345.34,"human",true,23.23,23.2,25.2,"11 Apr 2019 01:23:27 GMT"
"key735","name3",270,345.34,"human",true,23.23,23.2,25.2,"11 Apr 2019 01:23:27 GMT"
"key736","name3",270,345.34,"human",true,23.23,23.2,25.2,"11 Apr 2019 01:23:27 GMT"
"key737","name3",270,345.34,"human",true,23.23,23.2,25.2,"11 Apr 2019 01:23:27 GMT"
"key738","name3",270,345.34,"human",true,23.23,23.2,25.2,"11 Apr 2019 01:23:27 GMT"
"key739","name3",270,345.34,"human",true,23.23,23.2,25.2,"11 Apr 2019 01:23:27 GMT"
"key740","name3",270,345.34,"human",true,23.23,23.2,25.2,"11 Apr 2019 01:23:27 GMT"
"key741","name3",270,345.34,"human",true,23.23,23.2,25.2,"11 Apr 2019 01:23:27 GMT"
"key742","name3",270,345.34,"human",true,23.23,23.2,25.2,"11 Apr 2019 01:23:27 GMT"
"key743","name3",270,345.34,"human",true,23.23,23.2,25.2,"11 Apr 2019 01:23:27 GMT"
"key744","name3",270,345.34,"human",true,23.23,23.2,25.2,"11 Apr 2019 01:23:27 GMT"
"key745","name3",270,345.34,"human",true,23.23,23.2,25.2,"11 Apr 2019 01:23:27 GMT"
"key746","name3",270,345.34,"human",true,23.23,23.2,25.2,"11 Apr 2019 01:23:27 GMT"
"key747","name3",270,345.34,"human",true,23.23,23.2,25.2,"11 Apr 2019 01:23:27 GMT"
"key748","name3",270,345.34,"human",true,23.23,23.2,25.2,"11 Apr 2019 01:23:27 GMT"
"key749","name3",270,345.34,"human",true,23.23,23.2,25.2,"11 Apr 2019 01:23:27 GMT"
"key750","name3",270,345.34,"human",true,23.23,23.2,25.2,"11 Apr 2019 01:23:27 GMT"
"key751","name3",270,345.34,"human",true,23.23,23.2,25.2,"11 Apr 2019 01:23:27 GMT"
"key752","name3",270,345.34,"human",true,23.23,23.2,25.2,"11 Apr 2019 01:23:27 GMT"
"key753","name3",270,345.34,"human",true,23.23,23.2,25.2,"11 Apr 2019 01:23:27 GMT"
"key754","name3",270,345.34,"human",true,23.23,23.2,25.2,"11 Apr 2019 01:23:27 GMT"
"key755","name3",270,345.34,"human",true,23.23,23.2,25.2,"11 Apr 2019 01:23:27 GMT"
"key756","name3",270,345.34,"human",true,23.23,23.2,25.2,"11 Apr 2019 01:23:27 GMT"
"key757","name3",270,345.34,"human",true,23.23,23.2,25.2,"11 Apr 2019 01:23:27 GMT"
"key758","name3",270,345.34,"human",true,23.23,23.2,25.2,"11 Apr 2019 01:23:27 GMT"
"key759","name3",270,345.34,"human",true,23.23,23.2,25.2,"11 Apr 2019 01:23:27 GMT"
"key760","name3",270,345.34,"human",true,23.23,23.2,25.2,"11 Apr 2019 01:23:27 GMT"
"key761","name3",270,345.34,"human",true,23.23,23.2,25.2,"11 Apr 2019 01:23:27 GMT"
"key762","name3",270,345.34,"human",true,23.23,23.2,25.2,"11 Apr 2019 01:23:27 GMT"
"key763","name3",270,345.34,"human",true,23.23,23.2,25.2,"11 Apr 2019 01:23:27 GMT"
"key764","name3",270,345.34,"human",true,23.23,23.2,25.2,"11 Apr 2019 01:23:27 GMT"
"key765","name3",270,345.34,"human",true,23.23,23.2,25.2,"11 Apr 2019 01:23:27 GMT"
"key766","name3",270,345.34,"human",true,23.23,23.2,25.2,"11 Apr 2019 01:23:27 GMT"
"key767","name3",270,345.34,"human",true,23.23,23.2,25.2,"11 Apr 2019 01:23:27 GMT"
"key768","name3",270,345.34,"human",true,23.23,23.2,25.2,"11 Apr 2019 01:23:27 GMT"
"key769","name3",270,345.34,"human",true,23.23,23.2,25.2,"11 Apr 2019 01:23:27 GMT"
"key770","name3",270,345.34,"human",true,23.23,23.2,25.2,"11 Apr 2019 01:23:27 GMT"
"key771","name3",270,345.34,"human",true,23.23,23.2,25.2,"11 Apr 2019 01:23:27 GMT"
"key772","name3",270,345.34,"human",true,23.23,23.2,25.2,"11 Apr 2019 01:23:27 GMT"
"key773","name3",270,345.34,"human",true,23.23,23.2,25.2,"11 Apr 2019 01:23:27 GMT"
"key774","name3",270,345.34,"human",true,23.23,23.2,25.2,"11 Apr 2019 01:23:27 GMT"
"key775","name3",270,345.34,"human",true,23.23,23.2,25.2,"11 Apr 2019 01:23:27 GMT"
"key776","name3",270,345.34,"human",true,23.23,23.2,25.2,"11 Apr 2019 01:23:27 GMT"
"key777","name3",270,345.34,"human",true,23.23,23.2,25.2,"11 Apr 2019 01:23:27 GMT"
"key778","name3",270,345.34,"human",true,23.23,23.2,25.2,"11 Apr 2019 01:23:27 GMT"
"key779","name3",270,345.34,"human",true,23.23,23.2,25.2,"11 Apr 2019 01:23:27 GMT"
"key780","name3",270,345.34,"human",true,23.23,23.2,25.2,"11 Apr 2019 01:23:27 GMT"
"key781","name3",270,345.34,"human",true,23.23,23.2,25.2,"11 Apr 2019 01:23:27 GMT"
"key782","name3",270,345.34,"human",true,23.23,23.2,25.2,"11 Apr 2019 01:23:27 GMT"
"key783","name3",270,345.34,"human",true,23.23,23.2,25.2,"11 Apr 2019 01:23:27 GMT"
"key784","name3",270,345.34,"human",true,23.23,23.2,25.2,"11 Apr 2019 01:23:27 GMT"
"key785","name3",270,345.34,"human",true,23.23,23.2,25.2,"11 Apr 2019 01:23:27 GMT"
"key786","name3",270,345.34,"human",true,23.23,23.2,25.2,"11 Apr 2019 01:23:27 GMT"
"key787","name3",270,345.34,"human",true,23.23,23.2,25.2,"11 Apr 2019 01:23:27 GMT"
"key788","name3",270,345.34,"human",true,23.23,23.2,25.2,"11 Apr 2019 01:23:27 GMT"
"key789","name3",270,345.34,"human",true,23.23,23.2,25.2,"11 Apr 2019 01:23:27 GMT"
"key790","name3",270,345.34,"human",true,23.23,23.2,25.2,"11 Apr 2019 01:23:27 GMT"
"key791","name3",270,345.34,"human",true,23.23,23.2,25.2,"11 Apr 2019 01:23:27 GMT"
"key792","name3",270,345.34,"human",true,23.23,23.2,25.2,"11 Apr 2019 01:23:27 GMT"
"key793","name3",270,345.34,"human",true,23.23,23.2,25.2,"11 Apr 2019 01:23:27 GMT"
"key794","name3",270,345.34,"human",true,23.23,23.2,25.2,"11 Apr 2019 01:23:27 GMT"
"key795","name3",270,345.34,"human",true,23.23,23.2,25.2,"11 Apr 2019 01:23:27 GMT"
"key796","name3",270,345.34,"human",true,23.23,23.2,25.2,"11 Apr 2019 01:23:27 GMT"
"key797","name3",270,345.34,"human",true,23.23,23.2,25.2,"11 Apr 2019 01:23:27 GMT"
"key798","name3",270,345.34,"human",true,23.23,23.2,25.2,"11 Apr 2019 01:23:27 GMT"
"key799","name3",270,345.34,"human",true,23.23,23.2,25.2,"11 Apr 2019 01:23:27 GMT"
"key800","name3",270,345.34,"human",true,23.23,23.2,25.2,"11 Apr 2019 01:23:27 GMT"
"key801","name3",270,345.34,"human",true,23.23,23.2,25.2,"11 Apr 2019 01:23:27 GMT"
"key802","name3",270,345.34,"human",true,23.23,23.2,25.2,"11 Apr 2019 01:23:27 GMT"
"key803","name3",270,345.34,"human",true,23.23,23.2,25.2,"11 Apr 2019 01:23:27 GMT"
"key804","name3",270,345.34,"human",true,23.23,23.2,25.2,"11 Apr 2019 01:23:27 GMT"
"key805","name3",270,345.34,"human",true,23.23,23.2,25.2,"11 Apr 2019 01:23:27 GMT"
"key806","name3",270,345.34,"human",true,23.23,23.2,25.2,"11 Apr 2019 01:23:27 GMT"
"key807","name3",270,345.34,"human",true,23.23,23.2,25.2,"11 Apr 2019 01:23:27 GMT"
"key808","name3",270,345.34,"human",true,23.23,23.2,25.2,"11 Apr 2019 01:23:27 GMT"
"key809","name3",270,345.34,"human",true,23.23,23.2,25.2,"11 Apr 2019 01:23:27 GMT"
"key810","name3",270,345.34,"human",true,23.23,23.2,25.2,"11 Apr 2019 01:23:27 GMT"
"key811","name3",270,345.34,"human",true,23.23,23.2,25.2,"11 Apr 2019 01:23:27 GMT"
"key812","name3",270,345.34,"human",true,23.23,23.2,25.2,"11 Apr 2019 01:23:27 GMT"
"key813","name3",270,345.34,"human",true,23.23,23.2,25.2,"11 Apr 2019 01:23:27 GMT"
"key814","name3",270,345.34,"human",true,23.23,23.2,25.2,"11 Apr 2019 01:23:27 GMT"
"key815","name3",270,345.34,"human",true,23.23,23.2,25.2,"11 Apr 2019 01:23:27 GMT"
"key816","name3",270,345.34,"human",true,23.23,23.2,25.2,"11 Apr 2019 01:23:27 GMT"
"key817","name3",270,345.34,"human",true,23.23,23.2,25.2,"11 Apr 2019 01:23:27 GMT"
"key818","name3",270,345.34,"human",true,23.23,23.2,25.2,"11 Apr 2019 01:23:27 GMT"
"key819","name3",270,345.34,"human",true,23.23,23.2,25.2,"11 Apr 2019 01:23:27 GMT"
"key820","name3",270,345.34,"human",true,23.23,23.2,25.2,"11 Apr 2019 01:23:27 GMT"
"key821","name3",270,345.34,"human",true,23.23,23.2,25.2,"11 Apr 2019 01:23:27 GMT"
"key822","name3",270,345.34,"human",true,23.23,23.2,25.2,"11 Apr 2019 01:23:27 GMT"
"key823","name3",270,345.34,"human",true,23.23,23.2,25.2,"11 Apr 2019 01:23:27 GMT"
"key824","name3",270,345.34,"human",true,23.23,23.2,25.2,"11 Apr 2019 01:23:27 GMT"
"key825","name3",270,345.34,"human",true,23.23,23.2,25.2,"11 Apr 2019 01:23:27 GMT"
"key826","name3",270,345.34,"human",true,23.23,23.2,25.2,"11 Apr 2019 01:23:27 GMT"
"key827","name3",270,345.34,"human",true,23.23,23.2,25.2,"11 Apr 2019 01:23:27 GMT"
"key828","name3",270,345.34,"human",true,23.23,23.2,25.2,"11 Apr 2019 01:23:27 GMT"
"key829","name3",270,345.34,"human",true,23.23,23.2,25.2,"11 Apr 2019 01:23:27 GMT"
"key830","name3",270,345.34,"human",true,23.23,23.2,25.2,"11 Apr 2019 01:23:27 GMT"
"key831","name3",270,345.34,"human",true,23.23,23.2,25.2,"11 Apr 2019 01:23:27 GMT"
"key832","name3",270,345.34,"human",true,23.23,23.2,25.2,"11 Apr 2019 01:23:27 GMT"
"key833","name3",270,345.34,"human",true,23.23,23.2,25.2,"11 Apr 2019 01:23:27 GMT"
"key834","name3",270,345.34,"human",true,23.23,23.2,25.2,"11 Apr 2019 01:23:27 GMT"
"key835","name3",270,345.34,"human",true,23.23,23.2,25.2,"11 Apr 2019 01:23:27 GMT"
"key836","name3",270,345.34,"human",true,23.23,23.2,25.2,"11 Apr 2019 01:23:27 GMT"
"key837","name3",270,345.34,"human",true,23.23,23.2,25.2,"11 Apr 2019 01:23:27 GMT"
"key838","name3",270,345.34,"human",true,23.23,23.2,25.2,"11 Apr 2019 01:23:27 GMT"
"key839","name3",270,345.34,"human",true,23.23,23.2,25.2,"11 Apr 2019 01:23:27 GMT"
"key840","name3",270,345.34,"human",true,23.23,23.2,25.2,"11 Apr 2019 01:23:27 GMT"
"key841","name3",270,345.34,"human",true,23.23,23.2,25.2,"11 Apr 2019 01:23:27 GMT"
"key842","name3",270,345.34,"human",true,23.23,23.2,25.2,"11 Apr 2019 01:23:27 GMT"
"key843","name3",270,345.34,"human",true,23.23,23.2,25.2,"11 Apr 2019 01:23:27 GMT"
"key844","name3",270,345.34,"human",true,23.23,23.2,25.2,"11 Apr 2019 01:23:27 GMT"
"key845","name3",270,345.34,"human",true,23.23,23.2,25.2,"11 Apr 2019 01:23:27 GMT"
"key846","name3",270,345.34,"human",true,23.23,23.2,25.2,"11 Apr 2019 01:23:27 GMT"
"key847","name3",270,345.34,"human",true,23.23,23.2,25.2,"11 Apr 2019 01:23:27 GMT"
"key848","name3",270,345.34,"human",true,23.23,23.2,25.2,"11 Apr 2019 01:23:27 GMT"
"key849","name3",270,345.34,"human",true,23.23,23.2,25.2,"11 Apr 2019 01:23:27 GMT"
"key850","name3",270,345.34,"human",true,23.23,23.2,25.2,"11 Apr 2019 01:23:27 GMT"
"key851","name3",270,345.34,"human",true,23.23,23.2,25.2,"11 Apr 2019 01:23:27 GMT"
"key852","name3",270,345.34,"human",true,23.23,23.2,25.2,"11 Apr 2019 01:23:27 GMT"
"key853","name3",270,345.34,"human",true,23.23,23.2,25.2,"11 Apr 2019 01:23:27 GMT"
"key854","name3",270,345.34,"human",true,23.23,23.2,25.2,"11 Apr 2019 01:23:27 GMT"
"key855","name3",270,345.34,"human",true,23.23,23.2,25.2,"11 Apr 2019 01:23:27 GMT"
"key856","name3",270,345.34,"human",true,23.23,23.2,25.2,"11 Apr 2019 01:23:27 GMT"
"key857","name3",270,345.34,"human",true,23.23,23.2,25.2,"11 Apr 2019 01:23:27 GMT"
"key858","name3",270,345.34,"human",true,23.23,23.2,25.2,"11 Apr 2019 01:23:27 GMT"
"key859","name3",270,345.34,"human",true,23.23,23.2,25.2,"11 Apr 2019 01:23:27 GMT"
"key860","name3",270,345.34,"human",true,23.23,23.2,25.2,"11 Apr 2019 01:23:27 GMT"
"key861","name3",270,345.34,"human",true,23.23,23.2,25.2,"11 Apr 2019 01:23:27 GMT"
"key862","name3",270,345.34,"human",true,23.23,23.2,25.2,"11 Apr 2019 01:23:27 GMT"
"key863","name3",270,345.34,"human",true,23.23,23.2,25.2,"11 Apr 2019 01:23:27 GMT"
"key864","name3",270,345.34,"human",true,23.23,23.2,25.2,"11 Apr 2019 01:23:27 GMT"
"key865","name3",270,345.34,"human",true,23.23,23.2,25.2,"11 Apr 2019 01:23:27 GMT"
"key866","name3",270,345.34,"human",true,23.23,23.2,25.2,"11 Apr 2019 01:23:27 GMT"
"key867","name3",270,345.34,"human",true,23.23,23.2,25.2,"11 Apr 2019 01:23:27 GMT"
"key868","name3",270,345.34,"human",true,23.23,23.2,25.2,"11 Apr 2019 01:23:27 GMT"
"key869","name3",270,345.34,"human",true,23.23,23.2,25.2,"11 Apr 2019 01:23:27 GMT"
"key870","name3",270,345.34,"human",true,23.23,23.2,25.2,"11 Apr 2019 01:23:27 GMT"
"key871","name3",270,345.34,"human",true,23.23,23.2,25.2,"11 Apr 2019 01:23:27 GMT"
"key872","name3",270,345.34,"human",true,23.23,23.2,25.2,"11 Apr 2019 01:23:27 GMT"
"key873","name3",270,345.34,"human",true,23.23,23.2,25.2,"11 Apr 2019 01:23:27 GMT"
"key874","name3",270,345.34,"human",true,23.23,23.2,25.2,"11 Apr 2019 01:23:27 GMT"
"key875","name3",270,345.34,"human",true,23.23,23.2,25.2,"11 Apr 2019 01:23:27 GMT"
"key876","name3",270,345.34,"human",true,23.23,23.2,25.2,"11 Apr 2019 01:23:27 GMT"
"key877","name3",270,345.34,"human",true,23.23,23.2,25.2,"11 Apr 2019 01:23:27 GMT"
"key878","name3",270,345.34,"human",true,23.23,23.2,25.2,"11 Apr 2019 01:23:27 GMT"
"key879","name3",270,345.34,"human",true,23.23,23.2,25.2,"11 Apr 2019 01:23:27 GMT"
"key880","name3",270,345.34,"human",true,23.23,23.2,25.2,"11 Apr 2019 01:23:27 GMT"
"key881","name3",270,345.34,"human",true,23.23,23.2,25.2,"11 Apr 2019 01:23:27 GMT"
"key882","name3",270,345.34,"human",true,23.23,23.2,25.2,"11 Apr 2019 01:23:27 GMT"
"key883","name3",270,345.34,"human",true,23.23,23.2,25.2,"11 Apr 2019 01:23:27 GMT"
"key884","name3",270,345.34,"human",true,23.23,23.2,25.2,"11 Apr 2019 01:23:27 GMT"
"key885","name3",270,345.34,"human",true,23.23,23.2,25.2,"11 Apr 2019 01:23:27 GMT"
"key886","name3",270,345.34,"human",true,23.23,23.2,25.2,"11 Apr 2019 01:23:27 GMT"
"key887","name3",270,345.34,"human",true,23.23,23.2,25.2,"11 Apr 2019 01:23:27 GMT"
"key888","name3",270,345.34,"human",true,23.23,23.2,25.2,"11 Apr 2019 01:23:27 GMT"
"key889","name3",270,345.34,"human",true,23.23,23.2,25.2,"11 Apr 2019 01:23:27 GMT"
"key890","name3",270,345.34,"human",true,23.23,23.2,25.2,"11 Apr 2019 01:23:27 GMT"
"key891","name3",270,345.34,"human",true,23.23,23.2,25.2,"11 Apr 2019 01:23:27 GMT"
"key892","name3",270,345.34,"human",true,23.23,23.2,25.2,"11 Apr 2019 01:23:27 GMT"
"key893","name3",270,345.34,"human",true,23.23,23.2,25.2,"11 Apr 2019 01:23:27 GMT"
"key894","name3",270,345.34,"human",true,23.23,23.2,25.2,"11 Apr 2019 01:23:27 GMT"
"key895","name3",270,345.34,"human",true,23.23,23.2,25.2,"11 Apr 2019 01:23:27 GMT"
"key896","name3",270,345.34,"human",true,23.23,23.2,25.2,"11 Apr 2019 01:23:27 GMT"
"key897","name3",270,345.34,"human",true,23.23,23.2,25.2,"11 Apr 2019 01:23:27 GMT"
"key898","name3",270,345.34,"human",true,23.23,23.2,25.2,"11 Apr 2019 01:23:27 GMT"
"key899","name3",270,345.34,"human",true,23.23,23.2,25.2,"11 Apr 2019 01:23:27 GMT"
"key900","name3",270,345.34,"human",true,23.23,23.2,25.2,"11 Apr 2019 01:23:27 GMT"
"key901","name3",270,345.34,"human",true,23.23,23.2,25.2,"11 Apr 2019 01:23:27 GMT"
"key902","name3",270,345.34,"human",true,23.23,23.2,25.2,"11 Apr 2019 01:23:27 GMT"
"key903","name3",270,345.34,"human",true,23.23,23.2,25.2,"11 Apr 2019 01:23:27 GMT"
"key904","name3",270,345.34,"human",true,23.23,23.2,25.2,"11 Apr 2019 01:23:27 GMT"
"key905","name3",270,345.34,"human",true,23.23,23.2,25.2,"11 Apr 2019 01:23:27 GMT"
"key906","name3",270,345.34,"human",true,23.23,23.2,25.2,"11 Apr 2019 01:23:27 GMT"
"key907","name3",270,345.34,"human",true,23.23,23.2,25.2,"11 Apr 2019 01:23:27 GMT"
"key908","name3",270,345.34,"human",true,23.23,23.2,25.2,"11 Apr 2019 01:23:27 GMT"
"key909","name3",270,345.34,"human",true,23.23,23.2,25.2,"11 Apr 2019 01:23:27 GMT"
"key910","name3",270,345.34,"human",true,23.23,23.2,25.2,"11 Apr 2019 01:23:27 GMT"
"key911","name3",270,345.34,"human",true,23.23,23.2,25.2,"11 Apr 2019 01:23:27 GMT"
"key912","name3",270,345.34,"human",true,23.23,23.2,25.2,"11 Apr 2019 01:23:27 GMT"
"key913","name3",270,345.34,"human",true,23.23,23.2,25.2,"11 Apr 2019 01:23:27 GMT"
"key914","name3",270,345.34,"human",true,23.23,23.2,25.2,"11 Apr 2019 01:23:27 GMT"
"key915","name3",270,345.34,"human",true,23.23,23.2,25.2,"11 Apr 2019 01:23:27 GMT"
"key916","name3",270,345.34,"human",true,23.23,23.2,25.2,"11 Apr 2019 01:23:27 GMT"
"key917","name3",270,345.34,"human",true,23.23,23.2,25.2,"11 Apr 2019 01:23:27 GMT"
"key918","name3",270,345.34,"human",true,23.23,23.2,25.2,"11 Apr 2019 01:23:27 GMT"
"key919","name3",270,345.34,"human",true,23.23,23.2,25.2,"11 Apr 2019 01:23:27 GMT"
"key920","name3",270,345.34,"human",true,23.23,23.2,25.2,"11 Apr 2019 01:23:27 GMT"
"key921","name3",270,345.34,"human",true,23.23,23.2,25.2,"11 Apr 2019 01:23:27 GMT"
"key922","name3",270,345.34,"human",true,23.23,23.2,25.2,"11 Apr 2019 01:23:27 GMT"
"key923","name3",270,345.34,"human",true,23.23,23.2,25.2,"11 Apr 2019 01:23:27 GMT"
"key924","name3",270,345.34,"human",true,23.23,23.2,25.2,"11 Apr 2019 01:23:27 GMT"
"key925","name3",270,345.34,"human",true,23.23,23.2,25.2,"11 Apr 2019 01:23:27 GMT"
"key926","name3",270,345.34,"human",true,23.23,23.2,25.2,"11 Apr 2019 01:23:27 GMT"
"key927","name3",270,345.34,"human",true,23.23,23.2,25.2,"11 Apr 2019 01:23:27 GMT"
"key928","name3",270,345.34,"human",true,23.23,23.2,25.2,"11 Apr 2019 01:23:27 GMT"
"key929","name3",270,345.34,"human",true,23.23,23.2,25.2,"11 Apr 2019 01:23:27 GMT"
"key930","name3",270,345.34,"human",true,23.23,23.2,25.2,"11 Apr 2019 01:23:27 GMT"
"key931","name3",270,345.34,"human",true,23.23,23.2,25.2,"11 Apr 2019 01:23:27 GMT"
"key932","name3",270,345.34,"human",true,23.23,23.2,25.2,"11 Apr 2019 01:23:27 GMT"
"key933","name3",270,345.34,"human",true,23.23,23.2,25.2,"11 Apr 2019 01:23:27 GMT"
"key934","name3",270,345.34,"human",true,23.23,23.2,25.2,"11 Apr 2019 01:23:27 GMT"
"key935","name3",270,345.34,"human",true,23.23,23.2,25.2,"11 Apr 2019 01:23:27 GMT"
"key936","name3",270,345.34,"human",true,23.23,23.2,25.2,"11 Apr 2019 01:23:27 GMT"
"key937","name3",270,345.34,"human",true,23.23,23.2,25.2,"11 Apr 2019 01:23:27 GMT"
"key938","name3",270,345.34,"human",true,23.23,23.2,25.2,"11 Apr 2019 01:23:27 GMT"
"key939","name3",270,345.34,"human",true,23.23,23.2,25.2,"11 Apr 2019 01:23:27 GMT"
"key940","name3",270,345.34,"human",true,23.23,23.2,25.2,"11 Apr 2019 01:23:27 GMT"
"key941","name3",270,345.34,"human",true,23.23,23.2,25.2,"11 Apr 2019 01:23:27 GMT"
"key942","name3",270,345.34,"human",true,23.23,23.2,25.2,"11 Apr 2019 01:23:27 GMT"
"key943","name3",270,345.34,"human",true,23.23,23.2,25.2,"11 Apr 2019 01:23:27 GMT"
"key944","name3",270,345.34,"human",true,23.23,23.2,25.2,"11 Apr 2019 01:23:27 GMT"
"key945","name3",270,345.34,"human",true,23.23,23.2,25.2,"11 Apr 2019 01:23:27 GMT"
"key946","name3",270,345.34,"human",true,23.23,23.2,25.2,"11 Apr 2019 01:23:27 GMT"
"key947","name3",270,345.34,"human",true,23.23,23.2,25.2,"11 Apr 2019 01:23:27 GMT"
"key948","name3",270,345.34,"human",true,23.23,23.2,25.2,"11 Apr 2019 01:23:27 GMT"
"key949","name3",270,345.34,"human",true,23.23,23.2,25.2,"11 Apr 2019 01:23:27 GMT"
"key950","name3",270,345.34,"human",true,23.23,23.2,25.2,"11 Apr 2019 01:23:27 GMT"
"key951","name3",270,345.34,"human",true,23.23,23.2,25.2,"11 Apr 2019 01:23:27 GMT"
"key952","name3",270,345.34,"human",true,23.23,23.2,25.2,"11 Apr 2019 01:23:27 GMT"
"key953","name3",270,345.34,"human",true,23.23,23.2,25.2,"11 Apr 2019 01:23:27 GMT"
"key954","name3",270,345.34,"human",true,23.23,23.2,25.2,"11 Apr 2019 01:23:27 GMT"
"key955","name3",270,345.34,"human",true,23.23,23.2,25.2,"11 Apr 2019 01:23:27 GMT"
"key956","name3",270,345.34,"human",true,23.23,23.2,25.2,"11 Apr 2019 01:23:27 GMT"
"key957","name3",270,345.34,"human",true,23.23,23.2,25.2,"11 Apr 2019 01:23:27 GMT"
"key958","name3",270,345.34,"human",true,23.23,23.2,25.2,"11 Apr 2019 01:23:27 GMT"
"key959","name3",270,345.34,"human",true,23.23,23.2,25.2,"11 Apr 2019 01:23:27 GMT"
"key960","name3",270,345.34,"human",true,23.23,23.2,25.2,"11 Apr 2019 01:23:27 GMT"
"key961","name3",270,345.34,"human",true,23.23,23.2,25.2,"11 Apr 2019 01:23:27 GMT"
"key962","name3",270,345.34,"human",true,23.23,23.2,25.2,"11 Apr 2019 01:23:27 GMT"
"key963","name3",270,345.34,"human",true,23.23,23.2,25.2,"11 Apr 2019 01:23:27 GMT"
"key964","name3",270,345.34,"human",true,23.23,23.2,25.2,"11 Apr 2019 01:23:27 GMT"
"key965","name3",270,345.34,"human",true,23.23,23.2,25.2,"11 Apr 2019 01:23:27 GMT"
"key966","name3",270,345.34,"human",true,23.23,23.2,25.2,"11 Apr 2019 01:23:27 GMT"
"key967","name3",270,345.34,"human",true,23.23,23.2,25.2,"11 Apr 2019 01:23:27 GMT"
"key968","name3",270,345.34,"human",true,23.23,23.2,25.2,"11 Apr 2019 01:23:27 GMT"
"key969","name3",270,345.34,"human",true,23.23,23.2,25.2,"11 Apr 2019 01:23:27 GMT"
"key970","name3",270,345.34,"human",true,23.23,23.2,25.2,"11 Apr 2019 01:23:27 GMT"
"key971","name3",270,345.34,"human",true,23.23,23.2,25.2,"11 Apr 2019 01:23:27 GMT"
"key972","name3",270,345.34,"human",true,23.23,23.2,25.2,"11 Apr 2019 01:23:27 GMT"
"key973","name3",270,345.34,"human",true,23.23,23.2,25.2,"11 Apr 2019 01:23:27 GMT"
"key974","name3",270,345.34,"human",true,23.23,23.2,25.2,"11 Apr 2019 01:23:27 GMT"
"key975","name3",270,345.34,"human",true,23.23,23.2,25.2,"11 Apr 2019 01:23:27 GMT"
"key976","name3",270,345.34,"human",true,23.23,23.2,25.2,"11 Apr 2019 01:23:27 GMT"
"key977","name3",270,345.34,"human",true,23.23,23.2,25.2,"11 Apr 2019 01:23:27 GMT"
"key978","name3",270,345.34,"human",true,23.23,23.2,25.2,"11 Apr 2019 01:23:27 GMT"
"key979","name3",270,345.34,"human",true,23.23,23.2,25.2,"11 Apr 2019 01:23:27 GMT"
"key980","name3",270,345.34,"human",true,23.23,23.2,25.2,"11 Apr 2019 01:23:27 GMT"
"key981","name3",270,345.34,"human",true,23.23,23.2,25.2,"11 Apr 2019 01:23:27 GMT"
"key982","name3",270,345.34,"human",true,23.23,23.2,25.2,"11 Apr 2019 01:23:27 GMT"
"key983","name3",270,345.34,"human",true,23.23,23.2,25.2,"11 Apr 2019 01:23:27 GMT"
"key984","name3",270,345.34,"human",true,23.23,23.2,25.2,"11 Apr 2019 01:23:27 GMT"
"key985","name3",270,345.34,"human",true,23.23,23.2,25.2,"11 Apr 2019 01:23:27 GMT"
"key986","name3",270,345.34,"human",true,23.23,23.2,25.2,"11 Apr 2019 01:23:27 GMT"
"key987","name3",270,345.34,"human",true,23.23,23.2,25.2,"11 Apr 2019 01:23:27 GMT"
"key988","name3",270,345.34,"human",true,23.23,23.2,25.2,"11 Apr 2019 01:23:27 GMT"
"key989","name3",270,345.34,"human",true,23.23,23.2,25.2,"11 Apr 2019 01:23:27 GMT"
"key990","name3",270,345.34,"human",true,23.23,23.2,25.2,"11 Apr 2019 01:23:27 GMT"
"key991","name3",270,345.34,"human",true,23.23,23.2,25.2,"11 Apr 2019 01:23:27 GMT"
"key992","name3",270,345.34,"human",true,23.23,23.2,25.2,"11 Apr 2019 01:23:27 GMT"
"key993","name3",270,345.34,"human",true,23.23,23.2,25.2,"11 Apr 2019 01:23:27 GMT"
"key994","name3",270,345.34,"human",true,23.23,23.2,25.2,"11 Apr 2019 01:23:27 GMT"
"key995","name3",270,345.34,"human",true,23.23,23.2,25.2,"11 Apr 2019 01:23:27 GMT"
"key996","name3",270,345.34,"human",true,23.23,23.2,25.2,"11 Apr 2019 01:23:27 GMT"
"key997","name3",270,345.34,"human",true,23.23,23.2,25.2,"11 Apr 2019 01:23:27 GMT"
"key998","name3",270,345.34,"human",true,23.23,23.2,25.2,"11 Apr 2019 01:23:27 GMT"
"key999","name3",270,345.34,"human",true,23.23,23.2,25.2,"11 Apr 2019 01:23:27 GMT"
